ages,gender,religion,role,agr_bhv,rel_fnt,hst_twd_for,lvl_rct_act,crt_agr_lvl,rel_agr,is_current_threat,prob_threat
32,0,0,0,0.200714528,0.328837076,0.004620919,0.198368068,0.622741735,0.109192634,0,0.65515467
34,0,0,1,0.050959924,0.624169266,0.160216053,0.58993595,0.107921803,0.052621704,0,0.399641225
41,0,0,1,0.436898746,0.62814137,0.640804177,0.399479775,0.549104584,0.454016827,0,0.102321226
29,0,0,0,0.577056648,0.472221935,0.968508956,0.49725889,0.946525484,0.450815001,0,0.32169325
35,0,1,0,0.324903223,0.450076697,0.398975305,0.849221419,0.770902204,0.241921408,1,0.795292825
35,0,0,1,0.33443886,0.456126391,0.959426373,0.179907373,0.604040505,0.252368815,0,0.155706244
37,0,0,0,0.229379338,0.530009233,0.113870673,0.040846033,0.707089798,0.201127513,0,0.103466245
41,0,0,0,0.400111743,0.520842301,0.470497511,0.695108639,0.77413935,0.344763516,0,0.529591306
29,0,0,0,0.476616694,0.577400838,0.448842109,0.490438383,0.527298132,0.45528193,0,0.358593366
33,0,0,0,0.223458206,0.394235598,0.736534455,0.178488023,0.414680916,0.145742394,0,0.487119624
37,0,0,0,0.029403648,0.318277804,0.441428475,0.326072687,0.255892815,0.015482508,0,0.121694185
44,0,0,2,0.399007349,0.609725608,0.367788109,0.233332374,0.537472418,0.40248443,0,0.047426344
37,0,0,2,0.083321666,0.817275815,0.614255054,0.169394541,0.042548443,0.112657561,1,0.678874008
38,0,0,1,0.419276038,0.454245471,0.773745581,0.322122082,0.635124379,0.315082587,0,0.204112826
30,0,0,0,0.356939609,0.602326071,0.205896825,0.522151355,0.490148041,0.355680585,0,0.394080989
36,1,0,2,0.262900927,0.668739345,0.576307554,0.502209281,0.540863899,0.290859161,0,0.121239561
33,1,0,0,0.449321214,0.468404016,0.178784178,0.158265405,0.337676623,0.348185986,0,0.243776019
41,0,1,0,0.219031672,0.674293789,0.081047963,0.104359338,0.942873829,0.244337334,0,0.523620279
40,0,0,0,0.180549544,0.484223576,0.042833994,0.195887789,0.651828345,0.144635893,0,0.402331731
28,0,1,0,0.051156542,0.591453823,0.355364059,0.29057469,0.035401696,0.050055958,0,0.339676532
40,0,0,1,0.635355425,0.589402792,0.422581713,0.80198823,0.965573356,0.61953049,1,0.952544347
38,0,0,0,0.477759546,0.747683134,0.509318604,0.13203749,0.539853403,0.590963571,0,0.038054158
34,0,0,0,0.167620113,0.356342315,0.226623768,0.831979539,0.857184574,0.098816002,1,0.912107356
32,0,0,2,0.383228591,0.648491298,0.392118006,0.213369227,0.600286637,0.411145754,0,0.271750101
41,0,0,1,0.051316005,0.531855769,0.282791539,0.615369152,0.616136219,0.045152361,0,0.356744323
39,0,0,0,0.509653491,0.354482783,0.693393622,0.132309713,0.844748132,0.298884852,0,0.175398992
33,0,1,2,0.461720967,0.513122132,0.212021122,0.607066451,0.476221646,0.391953095,0,0.311474705
32,1,0,1,0.047148193,0.231685285,0.47253555,0.20969426,0.676067628,0.018071627,0,0.577182355
35,0,0,0,0.134533007,0.547588414,0.700588727,0.685645112,0.073798151,0.121875625,0,0.202140604
43,0,0,1,0.476153856,0.353268231,0.413297427,0.033164386,0.342724924,0.278282338,0,0.528230622
32,0,1,0,0.495666265,0.627662942,0.228558312,0.711715446,0.594297872,0.514694591,0,0.325469907
35,1,0,0,0.395124925,0.736234052,0.275717735,0.248044781,0.458640765,0.48126478,0,0.169232529
37,0,0,0,0.093072231,0.524605964,0.182204285,0.272606846,0.585101234,0.080776885,0,0.054321716
34,0,0,1,0.559307842,0.367328889,0.356185318,0.043247649,0.866908107,0.339891065,0,0.260131836
35,0,0,2,0.317239463,0.379315524,0.610637779,0.017430548,0.55936612,0.199077225,0,0.327069587
36,1,1,0,0.210970836,0.378690714,0.677186503,0.597101304,0.370043405,0.132172417,0,0.01884375
40,0,0,1,0.375279615,0.410264103,0.352995496,0.5084416,0.195757165,0.254713667,0,0.392517713
34,0,0,2,0.30101923,0.557967811,0.087515,0.300679247,0.277925145,0.277867107,0,0.523744494
47,0,0,2,0.400818021,0.454295354,0.974551688,0.254056416,0.584051811,0.301244612,0,0.225368049
27,0,0,2,0.394913449,0.731857522,0.163080258,0.335792309,0.202312043,0.478147863,0,0.172429686
34,0,0,2,0.537058742,0.486559084,0.246210729,0.789296244,0.444546434,0.432305867,0,0.374310998
34,0,0,2,0.024299677,0.501090407,0.139607498,0.690329694,0.091155621,0.020144215,0,0.212842941
38,0,1,0,0.684106487,0.538167563,0.60353784,0.889241513,0.622389847,0.609080899,1,0.236832749
45,0,0,2,0.366812961,0.388460143,0.403070957,0.485887478,0.047494256,0.235735447,0,0.281377486
26,0,1,0,0.222932328,0.315467146,0.382460543,0.188716174,0.809785615,0.116348541,0,0.560672867
30,0,1,1,0.089569029,0.606942989,0.169535406,0.93892423,0.830489296,0.089937232,1,0.988928404
33,0,1,2,0.332398696,0.469065962,0.069175374,0.609056089,0.830530069,0.257944924,0,0.130656342
40,1,0,0,0.226378261,0.424218488,0.298083732,0.056554769,0.652055251,0.158875915,0,0.311253292
36,0,0,0,0.86528737,0.59923721,0.108614674,0.357176179,0.110838879,0.85781353,0,0.536674849
44,0,0,0,0.220507918,0.751576263,0.354492901,0.189875997,0.470987802,0.274176985,0,0.177210662
36,1,0,0,0.146665385,0.600013004,0.332016856,0.025388132,0.412574709,0.145586814,0,0.754406078
36,1,1,0,0.672811098,0.50578117,0.771783932,0.426792293,0.10959316,0.562975581,0,0.174783236
39,0,1,0,0.606427882,0.36251133,0.378716413,0.233152623,0.007244258,0.363692629,0,0.197730774
29,0,0,3,0.006264362,0.344434322,0.322100479,0.419848082,0.580248409,0.003569579,0,0.154440051
42,0,0,3,0.069570252,0.532552163,0.387413713,0.913055827,0.540794391,0.061294214,0,0.065061271
30,0,0,2,0.891285193,0.326457103,0.576328881,0.36108565,0.507642739,0.481367281,0,0.560212131
33,0,0,0,0.516249612,0.432558808,0.549733884,0.221929055,0.609916417,0.369435523,0,0.200944669
34,0,0,3,0.163628178,0.559140549,0.371141459,0.91396812,0.314793343,0.151360598,0,0.022306933
41,0,0,2,0.505821809,0.403023696,0.449278609,0.22307116,0.292124889,0.33725771,0,0.217789131
36,0,0,3,0.108300734,0.258632776,0.468219367,0.156384184,0.550962606,0.046339219,0,0.295763891
38,0,0,0,0.376465042,0.60106393,0.23239948,0.104933554,0.298457374,0.374351066,0,0.512529584
34,0,0,0,0.568116027,0.213867202,0.645061955,0.014509224,0.679232908,0.201008759,0,0.009621693
31,0,0,0,0.425136504,0.480153024,0.190124339,0.209562838,0.015959859,0.337708365,0,0.258946879
38,0,0,0,0.442549277,0.549843427,0.365579162,0.422348071,0.464678105,0.40256353,0,0.083441524
39,0,0,0,0.072005617,0.413244303,0.219395991,0.415025582,0.273434499,0.049227412,0,0.56544493
37,0,1,2,0.449810291,0.500699585,0.20064524,0.263912705,0.19819887,0.372597874,0,0.497357688
34,0,0,0,0.470452031,0.402008329,0.429499372,0.557518342,0.344610935,0.312884574,0,0.467348775
34,0,1,0,0.494707266,0.344890072,0.319632697,0.528226761,0.546016963,0.282268709,0,0.384400489
35,0,1,0,0.232886195,0.41829084,0.073453519,0.943927997,0.987809467,0.161159479,1,0.910531288
41,0,0,1,0.10321476,0.287308289,0.4747051,0.290496198,0.244694311,0.049059568,0,0.501785108
35,0,1,1,0.543081379,0.416299091,0.278772225,0.777630752,0.178385332,0.374028011,0,0.366661217
35,0,0,1,0.716475062,0.565897288,0.64336921,0.635878904,0.573793521,0.670768169,0,0.32928452
35,0,0,2,0.2899665,0.338798233,0.315064248,0.186911204,0.54752337,0.162525951,0,0.645351754
31,0,0,0,0.419867975,0.583355227,0.073363378,0.611451269,0.211652217,0.405209481,0,0.666221641
41,0,0,0,0.103887404,0.714833953,0.198459654,0.405325862,0.021390519,0.122857541,0,0.456802643
35,0,0,1,0.035632631,0.82080696,0.287802204,0.642270447,0.197868304,0.048386329,0,0.382601651
40,0,0,1,0.510094042,0.381028839,0.094942941,0.111913126,0.430591536,0.321545068,0,0.329195292
40,0,0,1,0.334868034,0.842463343,0.566050796,0.045330644,0.53708595,0.466722201,0,0.225672017
32,0,0,1,0.149241304,0.410019455,0.216674589,0.182762681,0.000697595,0.101234199,0,0.205311059
33,0,1,0,0.184098888,0.637281036,0.51455512,0.880688037,0.720071347,0.1940957,1,0.17229557
39,0,0,1,0.524234458,0.457906481,0.380996535,0.414379742,0.094660065,0.39713312,0,0.46732857
40,0,0,1,0.129021424,0.652053734,0.581754359,0.573663627,0.944893261,0.139180686,0,0.279131486
45,0,0,0,0.425927918,0.358523026,0.467614015,0.477218252,0.297610961,0.252631159,0,0.394592887
38,0,1,1,0.2562677,0.490688401,0.504405105,0.657425152,0.672437289,0.208033568,0,0.20230732
38,0,0,0,0.173578952,0.572433864,0.663473952,0.971023064,0.19560899,0.164382709,0,0.611691955
32,0,1,0,0.87050038,0.453498101,0.600871642,0.338664411,0.614807852,0.653097756,0,0.440901031
37,1,0,1,0.284902444,0.276975499,0.532650533,0.128974716,0.589626744,0.130548319,0,0.071825702
34,0,1,2,0.400652651,0.390572536,0.53671092,0.909053933,0.106093694,0.258882966,0,0.080401957
34,1,1,2,0.013150695,0.430409319,0.398565059,0.347787204,0.250679954,0.009364058,0,0.473975746
41,0,0,1,0.183623873,0.810095504,0.567398197,0.492510885,0.48547318,0.246092919,0,0.334853366
35,0,0,1,0.35900115,0.433768357,0.381001696,0.255566188,0.883935759,0.257624678,0,0.492602081
35,0,0,1,0.315292514,0.636911242,0.284398071,0.017505464,0.38125293,0.332220424,0,0.41128608
37,0,0,2,0.456856361,0.520623044,0.896494435,0.497677028,0.758898215,0.393492824,0,0.368777054
36,0,0,0,0.280968553,0.634940451,0.334771057,0.444144905,0.823786391,0.295137548,0,0.183160368
43,1,0,1,0.748759112,0.599776167,0.200415885,0.100504954,0.819271101,0.742959394,0,0.382609147
49,0,0,0,0.526024607,0.730294706,0.049831012,0.487624455,0.299420021,0.635532796,0,0.185788301
36,0,0,0,0.246454137,0.454001997,0.71499777,0.59404445,0.617840007,0.185109041,0,0.02123684
35,0,0,1,0.68619243,0.406245444,0.913480999,0.613616886,0.2615532,0.461177573,0,0.164310665
29,0,0,0,0.022560589,0.431399826,0.508189372,0.240429215,0.730684519,0.016101419,0,0.580764931
30,0,1,0,0.30117984,0.320995397,0.606335498,0.833637902,0.922120702,0.159940502,1,0.752576023
39,0,0,0,0.154729017,0.484211359,0.523119047,0.422625835,0.494742504,0.123948277,0,0.013911904
38,0,1,2,0.422435631,0.749895384,0.291513016,0.324119684,0.594587391,0.52407685,0,0.337925395
38,0,0,0,0.684888482,0.428391588,0.144789074,0.205556032,0.068608807,0.485394165,0,0.34172102
33,0,0,0,0.183186583,0.448427239,0.288551669,0.158600229,0.064129857,0.135899983,0,0.382667752
28,0,0,0,0.305839484,0.492531447,0.700660093,0.692769532,0.106817514,0.249207594,0,0.619808033
33,0,0,0,0.240569998,0.657339028,0.23404843,0.606702583,0.2627222,0.261616202,0,0.617075783
34,0,0,0,0.291249706,0.468960005,0.144362205,0.534429363,0.424987075,0.225961815,0,0.724155553
30,0,0,0,0.117275565,0.432637367,0.445809094,0.263019488,0.462856667,0.083939294,0,0.19570142
33,0,0,2,0.004029244,0.231695253,0.411500983,0.526573745,0.530401205,0.001544452,0,0.184649119
34,0,0,0,0.314952793,0.664064645,0.145851721,0.407972297,0.558412085,0.346010738,0,0.175974365
35,0,1,2,0.59822437,0.580723084,0.348493189,0.264827375,0.594458386,0.574734073,0,0.233988106
41,0,0,3,0.332930162,0.304076145,0.239956398,0.059242737,0.275130486,0.167482428,0,0.309244397
34,0,0,0,0.203394238,0.474727115,0.412921428,0.222512811,0.783860519,0.159741014,0,0.53981688
41,1,1,2,0.069019297,0.483201244,0.258367703,0.443429173,0.737811763,0.055173728,0,0.125084888
44,0,0,1,0.421887492,0.513700837,0.194219549,0.440869974,0.731266522,0.358542528,0,0.296942666
24,0,1,1,0.31063259,0.661393177,0.22510643,0.266635613,0.284006704,0.33989164,0,0.340619448
34,1,0,0,0.543842445,0.432228523,0.537052813,0.248327786,0.520151018,0.388884181,0,0.233330366
35,0,1,0,0.118846803,0.489015375,0.314883509,0.503710324,0.874875372,0.096148779,0,0.037814171
36,0,1,2,0.113383535,0.468557276,0.170970012,0.847723488,0.556041764,0.08789141,0,0.579998748
36,0,1,2,0.423335543,0.191154936,0.758886885,0.033822447,0.423543537,0.133876393,0,0.570759663
33,0,0,1,0.292115905,0.541616534,0.368933705,0.217478963,0.482886089,0.261746493,0,0.153739882
47,0,0,1,0.332178797,0.306949584,0.467838567,0.223336318,0.93770298,0.168683542,0,0.257802227
31,0,0,0,0.097462259,0.322228821,0.74192511,0.0259369,0.522794026,0.051955868,0,0.476334826
30,0,0,2,0.473271095,0.54179671,0.624578456,0.537926901,0.80011506,0.424209215,0,0.412238003
26,0,0,1,0.476200222,0.548086442,0.396945012,0.468947499,0.647624405,0.431789828,0,0.173287682
44,0,0,1,0.324282652,0.297191164,0.117215149,0.328918392,0.570730327,0.15943856,0,0.355330564
33,0,0,0,0.180142548,0.459650157,0.602488685,0.724554978,0.650099692,0.136986405,0,0.342946678
31,1,0,1,0.524363627,0.840076122,0.640947402,0.117726365,0.27103342,0.728760715,0,0.192011808
38,0,0,1,0.203880185,0.570810884,0.612073346,0.373130761,0.163717821,0.192531156,0,0.00290089
41,0,0,3,0.377928344,0.50227978,0.301770882,0.25777479,0.175794609,0.314042853,0,0.634051532
32,1,0,2,0.289649045,0.738085769,0.508393385,0.417214402,0.362916392,0.353681779,0,0.084473478
35,0,1,0,0.440786964,0.720075893,0.263361997,0.484242683,0.852619751,0.525098487,0,0.176434648
28,0,1,0,0.24123705,0.14471545,0.162601689,0.031206038,0.793161304,0.057755409,0,0.001373133
37,0,1,0,0.423718117,0.715533043,0.065391791,0.676561031,0.706751944,0.501580313,0,0.322432611
28,0,0,1,0.338390847,0.440349603,0.19775967,0.203115655,0.136543629,0.246518757,0,0.026048899
38,0,0,0,0.041754656,0.737675635,0.198090446,0.14592757,0.885787918,0.050957029,0,0.069805654
26,0,0,1,0.176819708,0.369191993,0.008913961,0.275482723,0.018620603,0.107998245,0,0.275874572
40,0,0,0,0.135013097,0.384546649,0.822178715,0.039454258,0.685363992,0.08589318,0,0.103466245
42,0,0,0,0.368615565,0.677017072,0.599557985,0.157137211,0.707047941,0.412864026,0,0.364167837
38,0,0,1,0.309300492,0.603702062,0.355689915,0.351762742,0.676538845,0.308913597,0,0.336446263
43,0,0,0,0.460328949,0.677498865,0.518812466,0.004944927,0.74186319,0.51595356,0,0.099149702
37,0,0,0,0.167430657,0.091009414,0.10811581,0.297744873,0.854986687,0.025208967,0,0.333608706
33,0,0,0,0.346631194,0.527091508,0.166468408,0.663358221,0.419784634,0.302264689,0,0.196171171
36,0,0,0,0.320972051,0.417612551,0.43083594,0.378377268,0.806239469,0.221755558,0,0.077654311
31,0,0,0,0.209817892,0.471569584,0.33534246,0.072101942,0.701976752,0.163689967,0,0.337239342
29,0,0,0,0.167886598,0.531603734,0.505954068,0.330038862,0.692987761,0.14765148,0,0.220368752
44,0,0,0,0.071446241,0.496714692,0.072931158,0.032198113,0.166667533,0.05871109,0,0.232050033
29,0,0,0,0.165664318,0.535268952,0.032734818,0.381709331,0.499164096,0.146701578,0,0.013390522
41,0,0,0,0.276715881,0.580134087,0.179923091,0.088807902,0.286444368,0.265580523,0,0.153518807
39,0,0,0,0.728086831,0.813521926,0.878449079,0.135290416,0.483297407,0.979910006,0,0.47497949
38,0,0,0,0.595313543,0.508743899,0.18097649,0.583483365,0.800487977,0.501047304,0,0.210933547
33,0,0,0,0.368335238,0.471060898,0.103644525,0.04168087,0.343187688,0.287047705,0,0.442192603
40,1,1,0,0.392063766,0.656676713,0.388284324,0.340067375,0.261721664,0.425933772,0,0.199066871
40,0,0,1,0.413630867,0.329426345,0.094016148,0.762319703,0.394861027,0.225426528,0,0.119619242
32,0,0,0,0.256523998,0.748449139,0.253573176,0.41521096,0.151103748,0.317631852,0,0.724155553
38,1,1,0,0.513261643,0.329096703,0.350449053,0.361061483,0.598867474,0.279444841,0,0.699778338
32,0,0,0,0.250371664,0.780126557,0.300246317,0.712139477,0.476319087,0.323134994,0,0.351852791
43,0,0,2,0.365666171,0.425424814,0.074630068,0.346998358,0.494040811,0.257360183,0,0.02570558
45,0,0,0,0.328870356,0.371086877,0.205522762,0.352620407,0.515255442,0.201898959,0,0.466913882
37,0,0,1,0.182376876,0.701544022,0.344063581,0.39319421,0.221211774,0.211669583,0,0.457662621
41,0,0,2,0.587545834,0.903107546,0.475467368,0.731809972,0.78562248,0.877839212,0,0.388992406
38,0,0,3,0.098451905,0.47382791,0.228659685,0.4146685,0.480332446,0.077175334,0,0.708421751
34,0,0,0,0.465106325,0.319100379,0.352492891,0.072415595,0.394978288,0.24553495,0,0.256812297
36,0,0,0,0.390481859,0.122667868,0.399898877,0.4769357,0.93303993,0.079243826,0,0.043769209
44,0,0,2,0.457070865,0.322040111,0.428980884,0.296691816,0.602051987,0.243515865,0,0.190908953
45,0,0,1,0.313295498,0.34560597,0.381939065,0.317586965,0.522017883,0.179130337,0,0.440782143
31,0,1,1,0.696129218,0.680754925,0.24318157,0.267195142,0.772010058,0.783997013,1,0.550124518
47,0,1,0,0.232796835,0.624506589,0.643334789,0.439240542,0.995177218,0.240518147,0,0.006597705
28,0,0,1,0.131979881,0.450243034,0.984684001,0.625396962,0.457466869,0.098307916,0,0.316145073
44,0,0,2,0.327467573,0.217609986,0.367160165,0.033528599,0.20713861,0.117891061,0,0.534654409
40,0,1,2,0.131748348,0.564517584,0.182406765,0.657215507,0.658211158,0.123042857,0,0.317721144
34,1,0,0,0.078730407,0.416851249,0.870392002,0.545709811,0.303301905,0.05429469,0,0.423632375
30,0,0,0,0.122507383,0.513266332,0.297851258,0.297687791,0.819322256,0.104025256,0,0.374508651
30,0,0,0,0.330854699,0.113899217,0.34614756,0.519651173,0.72548626,0.062343589,0,0.340606905
39,0,0,0,0.105546382,0.361275472,0.206005425,0.1294075,0.364065202,0.063083471,0,0.436324196
35,0,0,1,0.129206138,0.535460972,0.022308579,0.261270831,0.717553644,0.114457623,0,0.199221889
35,0,0,2,0.041963331,0.662500528,0.697437581,0.069771831,0.521221729,0.04599281,0,0.553914126
37,0,0,0,0.292531378,0.470375025,0.403579515,0.469852846,0.136514405,0.22764099,0,0.404696553
32,0,1,1,0.051726547,0.56668781,0.720159036,0.675799025,0.647518992,0.048494347,0,0.034611116
39,0,0,0,0.261724572,0.629960156,0.10290332,0.86852313,0.350486093,0.27276669,0,0.4381662
34,0,1,1,0.087079514,0.530337363,0.486634904,0.196874728,0.411975273,0.076401516,0,0.323873418
31,0,0,3,0.03658121,0.782600298,0.114739164,0.066660241,0.744517126,0.047362196,0,0.524537294
39,0,0,0,0.447859888,0.453411003,0.376044003,0.035684133,0.360383133,0.335944841,0,0.091453889
35,0,0,1,0.054975812,0.687676995,0.377164237,0.68508381,0.471972819,0.062544612,0,0.372144504
31,0,0,2,0.151331437,0.84249673,0.575257793,0.45023218,0.389555924,0.210926493,0,0.199221889
35,0,0,2,0.445251911,0.61752631,0.294185181,0.652145894,0.780827315,0.454878082,0,0.157011359
41,0,0,1,0.030580127,0.599980262,0.172536995,0.224455879,0.852662974,0.030353586,0,0.393506054
33,0,0,0,0.466703828,0.588104812,0.752500027,0.040343536,0.491263585,0.454077361,0,0.16008292
45,1,0,2,0.186435306,0.500077713,0.313158045,0.076231013,0.39366148,0.154240851,0,0.601211036
28,0,0,0,0.420866787,0.531854601,0.400076842,0.243525404,0.309855692,0.370315022,0,0.138369591
38,0,1,2,0.20504422,0.425434418,0.442357311,0.165550271,0.38474986,0.144315809,0,0.22257846
41,0,1,2,0.37762763,0.734549511,0.251673933,0.558138679,0.460962005,0.458900563,0,0.086516918
37,0,1,0,0.239736281,0.263930284,0.033731757,0.015093898,0.236754038,0.10467832,0,0.580764931
31,0,1,0,0.392175168,0.58952829,0.888709235,0.380063714,0.880244841,0.3824886,0,0.200768265
37,0,0,3,0.061649098,0.565428603,0.278160054,0.412502073,0.45684671,0.057668447,0,0.045329404
33,0,0,2,0.228347096,0.665296313,0.317352514,0.256118786,0.963912849,0.251330019,0,0.342586588
33,0,0,0,0.211258579,0.595182148,0.442443016,0.635353753,0.73727574,0.208016605,0,0.217584711
39,0,0,1,0.199814645,0.608931784,0.111150473,0.122229907,0.901280886,0.201293482,0,0.046968325
21,0,0,0,0.702171364,0.344602027,0.341726197,0.078096147,0.464142787,0.400308393,0,0.35483608
41,0,0,1,0.164272704,0.236560208,0.210142823,0.001928027,0.543855733,0.064289619,0,0.15457804
32,1,1,2,0.198007389,0.540144147,0.213741052,0.123284247,0.550650387,0.176939512,0,0.444146916
34,0,1,2,0.160300817,0.395855718,0.458696582,0.400063565,0.444277154,0.104979962,0,0.442312975
37,0,0,0,0.259829077,0.593696186,0.75992841,0.680167527,0.192899986,0.255202993,0,0.453955253
43,0,0,0,0.458175302,0.704996729,0.658257144,0.118456356,0.867731516,0.534382874,0,0.320804645
42,0,0,3,0.165062639,0.458609767,0.91023617,0.098881655,0.271435506,0.125235034,0,0.23944642
34,0,1,0,0.446434728,0.773759762,0.612244537,0.001257043,0.006307261,0.571475829,0,0.254169917
26,1,0,0,0.103046349,0.628380992,0.169198562,0.829160046,0.841933047,0.107124647,1,0.600994971
34,1,0,0,0.509096812,0.513226476,0.697394219,0.056373777,0.119734918,0.432258143,0,0.570769062
30,1,0,0,0.471802826,0.577957133,0.44395249,0.540836294,0.400548701,0.451117755,0,0.491442255
40,0,0,0,0.592812528,0.403593703,0.704557053,0.047923324,0.59572886,0.395817971,0,0.12703944
42,0,0,0,0.188858537,0.387180509,0.326395524,0.174487817,0.448704048,0.120971721,0,0.454963905
39,0,0,0,0.022908947,0.438778513,0.652081089,0.571745961,0.855010035,0.016629693,0,0.209888619
36,1,1,1,0.230800118,0.555705525,0.446858868,0.573060083,0.997476446,0.21218491,0,0.123929976
36,0,0,2,0.338737411,0.624020796,0.657561368,0.009758776,0.85394004,0.349700281,0,0.342202755
31,0,0,2,0.013768688,0.406817289,0.158023851,0.152950868,0.263971074,0.009266713,0,0.208669789
47,0,0,2,0.180666944,0.627828252,0.281235851,0.295728983,0.187648945,0.187652047,0,0.027776046
34,0,0,0,0.323449164,0.455438177,0.725159107,0.953390945,0.242853156,0.243707682,0,0.385554765
49,0,0,1,0.271700383,0.449347844,0.436459547,0.696353431,0.549915041,0.201979209,0,0.387253194
34,0,0,0,0.279869538,0.225192139,0.83082657,0.372954709,0.140247649,0.104265976,0,0.200214226
39,0,0,0,0.153414037,0.561352227,0.314779512,0.797955586,0.759808086,0.142473568,1,0.558867391
45,0,0,1,0.424194371,0.521538357,0.59422562,0.178775925,0.445990578,0.366003222,0,0.056220545
39,0,1,2,0.664979973,0.659022011,0.278416126,0.264013889,0.653669147,0.725007067,0,0.066875915
36,1,1,2,0.411607557,0.369203931,0.528417317,0.867583258,0.252582142,0.251410499,0,0.222358908
36,0,1,0,0.244432126,0.671574581,0.41007368,0.070517809,0.195672892,0.271572812,0,0.293020544
33,0,0,0,0.272530105,0.587874553,0.742571245,0.310463401,0.541410272,0.265053107,0,0.232705647
28,0,0,1,0.146041779,0.60062259,0.060866486,0.074555447,0.739186924,0.145115075,0,0.514907652
37,0,0,0,0.172283332,0.823339752,0.05836768,0.473397533,0.458976136,0.234669204,0,0.630404096
37,0,1,0,0.239831636,0.842326102,0.505968721,0.461090234,0.35880644,0.334210802,0,0.257474417
39,0,0,1,0.286120176,0.479809941,0.297725205,0.454447584,0.344519298,0.22711796,0,0.269556462
32,0,0,0,0.419645885,0.708094229,0.250567975,0.373962323,0.442059487,0.491595362,0,0.348657293
40,0,0,0,0.372269631,0.624669512,0.451123933,0.84466623,0.380409781,0.384717261,0,0.20720245
48,1,0,2,0.628177274,0.658225366,0.455454089,0.013911872,0.660695813,0.684054319,0,0.292549421
35,0,0,1,0.486316657,0.502778737,0.736067657,0.340981723,0.641656089,0.404510502,0,0.402051771
42,0,0,0,0.157266636,0.698450074,0.452027335,0.040603338,0.970648264,0.181721251,0,0.381405073
30,0,0,2,0.360532554,0.906438074,0.499112237,0.717277965,0.2049536,0.540650213,0,0.510282579
41,0,0,2,0.387382919,0.399284653,0.460069715,0.552776991,0.744765338,0.255892077,0,0.263612436
38,0,1,3,0.570675738,0.459374562,0.564626329,0.734938548,0.514329484,0.433700682,0,0.424733984
34,0,0,0,0.047861863,0.319622112,0.332979534,0.411198034,0.520409234,0.025308137,0,0.092501475
37,0,0,1,0.065507782,0.389983309,0.456225758,0.233421829,0.018143896,0.042264201,0,0.009258548
43,0,0,0,0.067533815,0.498698403,0.660248962,0.428284709,0.79168816,0.055717678,0,0.233894451
34,1,0,0,0.091606815,0.572161204,0.066452073,0.231146305,0.759522378,0.086712148,0,0.557184738
26,0,0,0,0.176466143,0.455079389,0.431446599,0.842670717,0.537506004,0.132856349,0,0.405399863
41,0,0,1,0.316674898,0.576611125,0.399885594,0.483724235,0.860206451,0.302085869,0,0.09185152
43,0,0,0,0.215605535,0.591262257,0.961127723,0.107637409,0.202250562,0.210898658,0,0.379352671
35,0,0,1,0.456400068,0.374404907,0.102621707,0.15220131,0.483925455,0.282696861,0,0.500624373
44,0,0,2,0.191499131,0.302117589,0.272028526,0.179370616,0.430923904,0.095714244,0,0.596931018
36,0,1,3,0.265238532,0.919065876,0.29757753,0.017238866,0.541670139,0.40328959,0,0.415411059
38,0,1,3,0.272567568,0.414149803,0.535375917,0.163116999,0.194092889,0.186752056,0,0.256477487
38,0,0,2,0.191022592,0.679692569,0.268682259,0.096554718,0.820554852,0.214798383,0,0.245341958
36,0,0,1,0.23786747,0.502504747,0.477094346,0.275411693,0.866962712,0.197746578,0,0.162137572
38,0,0,1,0.236079729,0.507667381,0.592147033,0.131816341,0.432599112,0.198276713,0,0.35293903
32,0,0,0,0.306260493,0.546201659,0.227250336,0.371363923,0.165175789,0.276743702,0,0.108579327
41,0,0,2,0.498293299,0.452982705,0.275680226,0.469861188,0.370815049,0.373422448,0,0.630505639
39,0,0,0,0.454209988,0.513154411,0.398026303,0.725390175,0.165870832,0.385601309,0,0.11314887
38,0,0,3,0.093241069,0.392741848,0.385821758,0.205757646,0.164027987,0.060582638,0,0.363615384
39,0,0,3,0.04614202,0.393049359,0.217738401,0.102487772,0.153554905,0.030003882,0,0.063568072
37,0,0,0,0.049044651,0.489512715,0.009594735,0.095570738,0.211294736,0.039718184,0,0.358552932
34,0,0,1,0.253357135,0.259775501,0.435437976,0.435182022,0.332886109,0.108884255,0,0.110064522
29,0,0,3,0.429653341,0.466446924,0.379495161,0.095989239,0.577539803,0.331553931,0,0.046734708
24,1,0,0,0.015918352,0.431508669,0.652688458,0.493894377,0.437463695,0.011363742,0,0.039923508
33,0,0,1,0.389449186,0.547593169,0.240090967,0.313384972,0.402621828,0.352811373,0,0.60716971
38,0,0,1,0.496163555,0.629629118,0.456270405,0.317489619,0.065368543,0.516824887,0,0.212275999
38,0,1,2,0.361779245,0.376934574,0.074487275,0.056175405,0.969527204,0.225602224,0,0.12541169
44,0,1,0,0.088492698,0.291046419,0.505933638,0.069764157,0.68345916,0.042609207,0,0.31777326
34,1,0,3,0.302889081,0.775333379,0.144849199,0.503637342,0.496379234,0.388513266,0,0.474720784
44,0,0,0,0.317742306,0.701003579,0.079487972,0.199968211,0.476773839,0.368492822,0,0.5805456
34,0,0,0,0.080163378,0.290162843,0.370869304,0.209052054,0.353343005,0.038481462,0,0.377852998
32,0,1,0,0.877311442,0.198819273,0.179227524,0.41880211,0.737545334,0.288566578,0,0.113294234
37,0,1,3,0.556859888,0.424100859,0.483626775,0.334878471,0.048972511,0.390704886,0,0.289900371
31,0,0,2,0.079983116,0.561835895,0.696141089,0.717773535,0.233022731,0.074343253,0,0.104798062
34,0,0,2,0.18478334,0.370899662,0.289774532,0.360217138,0.018377873,0.113384321,0,0.703239268
35,0,0,0,0.349097598,0.356686032,0.739077722,0.323567201,0.23824173,0.205999762,0,0.520162381
35,0,0,0,0.10742932,0.591419307,0.193869684,0.027128861,0.641834584,0.105111947,0,0.316807538
32,0,0,2,0.298071928,0.411543913,0.275122356,0.398046247,0.45533417,0.202941568,0,0.112788878
31,0,0,1,0.46700327,0.475001707,0.266380906,0.738373538,0.191461164,0.366985449,0,0.148411555
43,0,0,0,0.280899833,0.64418605,0.423226665,0.073920956,0.674043477,0.299361916,0,0.104912821
30,0,0,0,0.129639381,0.436893103,0.292161805,0.810450552,0.812998822,0.093701359,1,0.874047464
30,0,0,1,0.400900416,0.45971354,0.386897629,0.134946266,0.656070145,0.304900092,0,0.753823364
42,0,0,2,0.254405377,0.704029887,0.51435277,0.015737236,0.880553101,0.296313293,0,0.150764464
28,0,0,0,0.205473972,0.574866939,0.406420518,0.265177938,0.31725573,0.195415003,0,0.022684014
36,0,0,0,0.275239909,0.800825793,0.664356496,0.434119203,0.738061461,0.364655872,0,0.533979555
37,0,1,0,0.380679439,0.569276051,0.569697705,0.001816253,0.77933955,0.358522229,0,0.116325533
30,0,1,1,0.059672853,0.340032711,0.348963244,0.045691697,0.370891519,0.033568447,0,0.115411047
27,0,0,2,0.14189786,0.690625563,0.261191242,0.312728884,0.258851259,0.162125844,0,0.220241111
29,0,1,0,0.119656177,0.629529289,0.137818745,0.710369901,0.179579854,0.12461916,0,0.320848671
34,0,1,1,0.98373412,0.314556197,0.660699476,0.202782034,0.854796551,0.511929001,0,0.09137566
43,0,0,0,0.100370277,0.560345607,0.125705353,0.074808871,0.567545205,0.093045387,0,0.416612091
38,0,1,0,0.608713736,0.380521731,0.49584903,0.28020886,0.355141845,0.383200723,0,0.164989215
38,0,1,0,0.110562377,0.783184021,0.463134923,0.584179698,0.336237528,0.1432534,0,0.459826618
35,0,0,0,0.442681896,0.682232529,0.454093702,0.43841976,0.802172819,0.499640849,0,0.525269961
36,0,0,0,0.538086193,0.616670667,0.472084417,0.330321293,0.730361868,0.548957715,0,0.354656478
31,0,1,0,0.365870777,0.496397395,0.692255299,0.75810261,0.523223417,0.30046298,0,0.477748074
39,1,0,0,0.017602157,0.311592076,0.404219444,0.331304809,0.300510165,0.009073734,0,0.833354394
39,0,0,0,0.468255384,0.490490314,0.286550378,0.117722729,0.549423815,0.379967953,0,0.064873726
40,0,1,2,0.208775817,0.792723907,0.72355772,0.558618407,0.896112907,0.27380155,0,0.162163796
38,0,0,2,0.152390009,0.33413572,0.011746063,0.215750122,0.22783691,0.084238991,0,0.11830204
32,1,1,2,0.36445189,0.506414298,0.693229251,0.347380615,0.6181447,0.305337341,0,0.19145289
32,0,0,0,0.048126831,0.5847393,0.424127085,0.176078291,0.527504743,0.04655682,0,0.394654533
37,0,0,0,0.225855915,0.514640028,0.86798055,0.607676517,0.13770663,0.192295351,0,0.269556462
35,0,0,2,0.524285791,0.419963424,0.063767549,0.113872669,0.338222383,0.364261531,0,0.01586559
33,0,1,0,0.083974474,0.488038404,0.227619641,0.705711732,0.45875956,0.067800836,0,0.205202305
33,0,0,0,0.498868468,0.464252371,0.380037428,0.093698143,0.283238585,0.383154507,0,0.617075783
38,0,0,1,0.312229701,0.507940685,0.328970757,0.287637821,0.608331786,0.262374103,0,0.281781891
27,0,0,1,0.25350211,0.674279594,0.001723576,0.458043051,0.801039283,0.282784336,0,0.513491617
29,0,1,0,0.052438,0.425938971,0.917864395,0.080149594,0.447104711,0.036951089,0,0.66853765
37,0,0,2,0.587566116,0.456093944,0.195592509,0.346618011,0.923794128,0.44334805,0,0.411727503
37,0,0,0,0.231016549,0.65361973,0.406296825,0.4913219,0.184526117,0.249805502,0,0.026066794
41,0,0,0,0.279098396,0.436720088,0.09129963,0.315949709,0.210771001,0.20164816,0,0.384757685
39,0,0,0,0.798787875,0.351482915,0.701212946,0.029001294,0.098242686,0.464482588,0,0.309054185
35,0,1,0,0.185431214,0.567928098,0.338008272,0.131898079,0.372302539,0.17422479,0,0.302266426
29,0,1,2,0.487218219,0.447516427,0.49765199,0.586655992,0.537918849,0.360716705,0,0.246636576
38,1,0,1,0.19302783,0.427248679,0.658559107,0.319096769,0.825514345,0.136437707,0,0.368379594
28,0,0,0,0.524912432,0.308843918,0.641125192,0.339883709,0.854000184,0.268200551,0,0.388228986
40,0,0,0,0.254694825,0.177570609,0.028140541,0.518065621,0.084866216,0.07482125,0,0.137858439
40,0,0,2,0.325799614,0.850873947,0.645352345,0.138238095,0.261672888,0.458616362,0,0.34531628
32,0,0,1,0.164127524,0.462728671,0.828680577,0.279523279,0.740293364,0.12564395,0,0.182195051
34,0,0,2,0.075409239,0.656729991,0.34939991,0.071614939,0.784619406,0.081930416,0,0.286467614
32,1,0,0,0.16348161,0.606392733,0.282589706,0.543506491,0.04094788,0.164004833,0,0.432595173
33,0,0,3,0.238423673,0.623932644,0.728063434,0.27493992,0.855599277,0.246105227,0,0.025408159
38,0,0,0,0.607837599,0.634008714,0.156329453,0.381467611,0.544386182,0.637553365,1,0.971183906
30,0,0,0,0.392132827,0.532183232,0.188443302,0.08173441,0.491505547,0.34524559,0,0.784585148
35,0,1,0,0.559197156,0.537151111,0.181003753,0.852414386,0.173137525,0.496929966,0,0.348216901
37,0,0,1,0.380727458,0.466903168,0.551550437,0.554819559,0.868326132,0.294086286,0,0.374110671
37,0,0,2,0.071885161,0.72910326,0.511869486,0.202174892,0.839396358,0.086708574,0,0.685774313
25,0,0,1,0.525389647,0.767359562,0.26466631,0.079137047,0.529046539,0.666982092,0,0.09137566
33,0,0,0,0.178692495,0.603066902,0.541576116,0.31807423,0.334438696,0.178281205,0,0.19232198
33,0,0,0,0.285800904,0.728340245,0.140783156,0.409397718,0.365901111,0.344375035,0,0.718936388
42,0,0,0,0.014788736,0.337987295,0.325790644,0.463454288,0.526725342,0.008269232,0,0.047608887
39,1,0,1,0.202634929,0.637697764,0.019128692,0.134567441,0.438012576,0.213777974,0,0.339805642
35,0,0,0,0.250441425,0.529848348,0.725901969,0.4170625,0.555057563,0.219528801,0,0.353730816
41,0,0,0,0.495493191,0.44134897,0.428278945,0.282007114,0.963305143,0.361787503,0,0.320804645
32,0,1,0,0.34016288,0.361600304,0.495273232,0.716066537,0.530870496,0.203492993,0,0.063878605
42,0,1,0,0.506911833,0.555006502,0.716617275,0.428213629,0.681741789,0.46544059,0,0.131364333
36,0,0,0,0.806025111,0.518733,0.810234604,0.472275438,0.760574827,0.691713423,0,0.023776404
36,0,0,0,0.007411874,0.338628286,0.066791078,0.102264016,0.45562338,0.004152265,0,0.216925629
33,0,1,0,0.632259067,0.326111024,0.333187311,0.66869252,0.948116797,0.341109882,0,0.042949257
44,1,0,1,0.62127968,0.384456398,0.136826292,0.134541402,0.641203889,0.395155468,0,0.385524923
43,0,0,2,0.267563265,0.306802598,0.493340874,0.267414378,0.605852121,0.135806099,0,0.193429066
39,0,0,0,0.009205154,0.702080508,0.322090521,0.360895573,0.216959574,0.010691823,0,0.178107097
35,0,1,2,0.066031635,0.558502474,0.164096675,0.198822853,0.903523333,0.061011388,0,0.458216056
36,0,0,2,0.241803364,0.445582754,0.179584037,0.372494189,0.381347803,0.178247918,0,0.117868925
34,0,1,1,0.552789852,0.511594134,0.420030726,0.099425643,0.759432958,0.467863722,0,0.468525868
34,1,0,0,0.653972929,0.27070075,0.504422075,0.092663238,0.114181188,0.292875461,0,0.234202118
33,0,0,1,0.53225472,0.587405606,0.294191618,0.38839529,0.711253429,0.517239118,0,0.246678147
48,0,0,1,0.394018677,0.371632806,0.818514264,0.100269711,0.212631217,0.242250458,0,0.112097105
29,0,0,1,0.157487624,0.548497867,0.760456275,0.479090685,0.085763675,0.142907535,0,0.515705397
39,0,0,1,0.002311826,0.597023357,0.259252618,0.248701636,0.179463623,0.002283391,0,0.297591858
41,0,1,0,0.1246208,0.250153545,0.293809972,0.364377288,0.883033814,0.051574016,0,0.457996863
35,0,0,0,0.222509883,0.495420481,0.847496961,0.196704701,0.198612092,0.182371519,0,0.415900237
32,0,0,0,0.489042254,0.733142381,0.563298448,0.440291489,0.318324913,0.593155367,0,0.365199061
42,0,0,0,0.632682573,0.468198187,0.117961892,0.291451601,0.561951528,0.490060111,0,0.331543444
43,1,0,0,0.42420362,0.690225353,0.575511157,0.347751214,0.203869072,0.484394308,0,0.476714776
34,0,1,0,0.195226775,0.210822377,0.529952842,0.657160236,0.204305433,0.06809102,0,0.121966706
33,0,0,1,0.213326468,0.54707924,0.605598314,0.465256938,0.564015373,0.193076195,0,0.125010934
31,0,0,2,0.291705042,0.422894208,0.254601211,0.274114556,0.20583862,0.20408422,0,0.384071789
32,0,1,1,0.465984357,0.60914424,0.240510844,0.705966469,0.988157008,0.469596913,0,0.136554867
39,0,0,0,0.64995472,0.716552075,0.829468621,0.166021621,0.565038957,0.770485755,0,0.339848847
35,0,1,0,0.367990224,0.396550726,0.155200521,0.178018268,0.433705907,0.24141752,0,0.099639993
45,0,0,2,0.295409003,0.430730529,0.066786521,0.956871894,0.686527831,0.210505349,1,0.736089271
41,0,1,1,0.210170118,0.522188898,0.273560059,0.597798977,0.034886665,0.181565093,0,0.155613327
33,0,0,0,0.41848256,0.470461957,0.168316606,0.553705732,0.099893438,0.325713402,0,0.37662699
31,0,0,2,0.592380913,0.522325009,0.633000725,0.291715795,0.425350833,0.511888804,0,0.264519955
33,0,1,1,0.247559779,0.412555517,0.329312575,0.305109957,0.669238571,0.168964801,0,0.741142744
40,0,0,0,0.612370119,0.422100827,0.514853382,0.113637889,0.414552521,0.427625848,0,0.30420745
38,0,0,1,0.19616686,0.506594297,0.523876759,0.433475966,0.207957423,0.164406768,0,0.52050546
32,0,0,0,0.105419952,0.608995789,0.180772645,0.407584659,0.356569691,0.106211333,0,0.214640532
34,0,0,2,0.025040837,0.432057113,0.670855989,0.125437207,0.052344223,0.017898793,0,0.412148427
43,0,0,0,0.459195245,0.352532588,0.482068414,0.248444665,0.449130396,0.267812229,0,0.486318737
37,0,1,1,0.413215142,0.569633321,0.553291975,0.052341044,0.271969749,0.389408446,0,0.348955922
41,0,0,0,0.299175276,0.617334,0.747795298,0.463115986,0.563178916,0.305548145,0,0.046068854
27,0,1,1,0.263497422,0.567835659,0.022113388,0.597364158,0.189290026,0.247532818,0,0.365789564
35,0,0,0,0.130061454,0.473315417,0.159100254,0.380573275,0.418743276,0.101843428,0,0.318365038
46,0,0,2,0.30589926,0.453793559,0.353482715,0.392915019,0.422388575,0.229652145,0,0.667171707
37,0,0,2,0.299142626,0.772602008,0.339410037,0.213290599,0.673160745,0.382355981,0,0.648228233
35,0,0,1,0.272355136,0.325881308,0.504396511,0.705461911,0.077699778,0.146834725,0,0.098733642
31,0,0,1,0.097152594,0.479250302,0.889655325,0.40524775,0.456914049,0.077028342,0,0.526770679
35,0,0,1,0.029035074,0.354765297,0.500000723,0.484949711,0.041315519,0.017041108,0,0.019619909
29,0,0,0,0.332293033,0.522346633,0.700907542,0.195167942,0.022173275,0.287153286,0,0.317838619
33,1,0,0,0.077005413,0.793987737,0.793136767,0.75378738,0.567114297,0.101150679,1,0.508970297
30,0,0,0,0.088680191,0.472772798,0.129215434,0.47929275,0.849898854,0.069360602,0,0.412054738
37,0,0,0,0.395765483,0.688006707,0.101382752,0.382742299,0.749994895,0.45046841,0,0.43353168
40,0,0,0,0.462774141,0.398945814,0.384507346,0.047938257,0.0482095,0.305433557,0,0.114596207
40,0,1,0,0.31513047,0.612772494,0.339095037,0.783239356,0.062830441,0.319465094,0,0.548363081
45,0,0,1,0.162138552,0.617630251,0.546642266,0.218866217,0.199930853,0.165671805,0,0.21078767
37,0,1,0,0.575603892,0.617148178,0.184650954,0.301586688,0.396208992,0.587688141,0,0.712904532
37,0,1,2,0.093979139,0.397940486,0.36887509,0.472468789,0.678787108,0.061870459,0,0.105026967
41,0,1,0,0.239255869,0.814848882,0.263909161,0.02220077,0.8226572,0.322532459,0,0.081626439
28,0,0,0,0.574670343,0.440334613,0.30348232,0.127022902,0.41518271,0.418634835,0,0.09649232
31,0,0,2,0.35137454,0.449101131,0.150765621,0.87120297,0.035600248,0.261064724,0,0.294201448
40,1,0,0,0.5197919,0.213950082,0.496178627,0.0026341,0.817887821,0.183982163,0,0.055059452
29,1,0,0,0.199420539,0.86066295,0.595947665,0.400789073,0.150618846,0.283946648,0,0.599081675
23,0,0,0,0.057249665,0.669650996,0.71948208,0.398495808,0.576670709,0.063424233,0,0.047426344
42,0,0,0,0.547554099,0.594571547,0.443323513,0.679848303,0.274839862,0.538598216,0,0.158475842
35,0,0,2,0.151665582,0.608191597,0.641406925,0.482601547,0.234262388,0.152602344,0,0.607380305
37,0,0,3,0.011486884,0.53237864,0.202656063,0.528247392,0.154730741,0.010117113,0,0.109007733
31,0,1,0,0.264846428,0.531632267,0.489371369,0.013507798,0.333372576,0.232937391,0,0.511084619
43,0,0,0,0.207209287,0.84662325,0.371096458,0.093254618,0.740381106,0.290223892,0,0.24024237
39,0,0,0,0.322198415,0.326271303,0.44272112,0.302184063,0.611170211,0.173914595,0,0.198628929
36,0,0,0,0.337622918,0.64626336,0.813370239,0.273588684,0.912911612,0.360973406,0,0.281449426
32,0,0,1,0.490078516,0.487681319,0.293372178,0.610984555,0.321378264,0.395398974,0,0.284934962
38,0,0,3,0.163252581,0.428664484,0.758845589,0.191770716,0.584974137,0.115774073,0,0.226409063
39,0,0,1,0.485925024,0.555470322,0.675041904,0.288490786,0.849377836,0.44654361,0,0.483751848
34,0,1,0,0.509831048,0.383876057,0.07788482,0.418151223,0.113242903,0.323780775,0,0.436112479
42,0,1,0,0.210676346,0.804992527,0.795320305,0.614755512,0.637987736,0.280570096,0,0.083687405
40,0,0,1,0.408725878,0.441712126,0.360923398,0.286801616,0.373532164,0.298679359,0,0.453709629
47,0,0,0,0.2078832,0.509253598,0.031280747,0.506810266,0.17162642,0.17514077,0,0.544659186
40,1,0,2,0.466607935,0.687993553,0.301398745,0.33592129,0.307659211,0.531092591,0,0.365100154
38,0,0,2,0.706538345,0.19505528,0.409634568,0.289446696,0.018427874,0.227995986,0,0.514788067
35,0,0,1,0.450236577,0.719884417,0.281096077,0.561471654,0.317816165,0.536212952,0,0.233438088
37,0,1,2,0.126581134,0.603763238,0.073258093,0.56824693,0.500657367,0.126435608,0,0.140671902
32,0,0,0,0.256309571,0.731461266,0.168536661,0.52641697,0.77851615,0.310162945,0,0.067427846
41,0,0,0,0.604524832,0.457186619,0.559117552,0.328569993,0.706820286,0.457237046,0,0.599053414
41,1,0,0,0.335518082,0.648846565,0.351586845,0.522905898,0.701939562,0.360156863,0,0.202638429
36,0,0,2,0.34618173,0.474949602,0.273642941,0.876464708,0.405467832,0.272010348,0,0.139831003
31,0,0,2,0.302651998,0.430101757,0.428051624,0.585536636,0.797402003,0.215351805,0,0.509366396
36,0,0,2,0.179119932,0.400217081,0.25121629,0.19012082,0.935501511,0.118596887,0,0.605120227
38,1,0,0,0.729984312,0.473343487,0.922304647,0.1873488,0.560797961,0.571641417,0,0.277806333
28,0,0,0,0.225625453,0.402120829,0.910733528,0.470665599,0.055915951,0.150099212,0,0.208652775
30,0,0,0,0.353263963,0.54395452,0.306182433,0.379943966,0.415978868,0.317903772,0,0.543127197
35,0,0,0,0.214778668,0.485395928,0.27879912,0.13248158,0.858094813,0.172472964,0,0.642302064
41,0,0,0,0.457172968,0.401182452,0.555862398,0.945171246,0.659237008,0.303428399,1,0.891027555
31,0,0,3,0.576220087,0.498600144,0.34067557,0.31104172,0.585159409,0.475307369,0,0.257518653
33,0,0,0,0.013169729,0.596998768,0.427114193,0.514145795,0.268204293,0.013007206,0,0.191739909
45,0,1,2,0.053905996,0.573562728,0.23447861,0.518932005,0.617125047,0.05115072,0,0.337901057
36,0,0,1,0.393921988,0.359710323,0.131710721,0.152705122,0.062562789,0.234421197,0,0.157169758
36,0,0,1,0.087420512,0.321414059,0.264441551,0.752722614,0.889233966,0.046484907,1,0.550523088
32,0,1,1,0.076382318,0.639605473,0.502461226,0.428708958,0.953925147,0.080823706,0,0.055740152
33,0,1,0,0.094426765,0.303510324,0.135373837,0.595607863,0.338460046,0.047413535,0,0.480081512
35,0,0,2,0.53137117,0.47516507,0.4989569,0.758423018,0.477415454,0.417711324,0,0.239149529
43,0,0,2,0.60254427,0.361811551,0.612034684,0.392521285,0.010514077,0.36066595,0,0.684814831
38,0,1,2,0.332576996,0.526085236,0.337573234,0.609734881,0.30012911,0.289455679,0,0.318657547
36,0,0,0,0.44865932,0.485860716,0.137119637,0.641017508,0.128136624,0.360630317,0,0.245341958
41,0,0,0,0.334741008,0.556559124,0.606536618,0.902985188,0.308804537,0.308215149,0,0.426373304
29,0,0,0,0.542364983,0.595189884,0.146515076,0.143314162,0.512608685,0.534048792,0,0.580005313
43,0,1,0,0.743125081,0.489119242,0.216612038,0.134999466,0.217245733,0.601326608,0,0.041937152
41,1,0,1,0.453303949,0.220555605,0.829918044,0.225238215,0.333218402,0.165402228,0,0.395027645
36,0,0,2,0.055586766,0.527828016,0.220873831,0.16786131,0.435990013,0.048539757,0,0.208959575
34,1,0,0,0.417617118,0.365094001,0.048722302,0.394197106,0.037819387,0.252241617,0,0.241013067
42,0,0,1,0.212597296,0.370717616,0.914043846,0.163733103,0.145458244,0.130387126,0,0.184166016
33,0,1,2,0.189765011,0.731294848,0.680865253,0.095518844,0.670070349,0.229584417,0,0.132622102
46,0,0,0,0.10387363,0.377786216,0.441066268,0.313607032,0.417937228,0.064920996,0,0.350237789
34,0,0,2,0.365509027,0.714712735,0.821511183,0.085227202,0.617903403,0.432178723,0,0.245239177
32,0,0,2,0.563084458,0.434511947,0.3596661,0.870499358,0.230240577,0.404770651,0,0.392603619
30,0,0,1,0.346119847,0.546419973,0.779002069,0.367242544,0.484859269,0.312886498,0,0.333754891
41,0,0,2,0.086074424,0.448454325,0.622713227,0.000979633,0.428175964,0.063859586,0,0.319847574
38,0,0,0,0.096679132,0.417167942,0.85118868,0.798472067,0.401089791,0.066723285,1,0.685657057
44,1,0,0,0.349869661,0.412585816,0.722684479,0.1178557,0.924273949,0.238811003,0,0.257665892
32,0,0,2,0.288309878,0.507135368,0.063659834,0.666866738,0.18931771,0.241889589,0,0.713288344
41,0,1,1,0.406693217,0.432468287,0.923519692,0.074517684,0.579346391,0.290974512,0,0.106019725
35,0,0,2,0.635923799,0.462958929,0.896659558,0.397920446,0.311792546,0.48705869,0,0.430791715
28,1,0,0,0.148628284,0.582749825,0.278650294,0.123682722,0.253938115,0.14329049,0,0.504779567
27,0,0,2,0.206826053,0.402609507,0.395016453,0.189140631,0.652319956,0.137759965,0,0.352890605
30,0,0,2,0.093411515,0.300830047,0.509153767,0.066587199,0.230488972,0.046489554,0,0.137163565
38,0,0,2,0.133862797,0.670101261,0.22472895,0.065818584,0.673507109,0.148400062,0,0.101395318
39,0,0,0,0.336489767,0.623958237,0.750660799,0.054980505,0.611735505,0.347345068,0,0.145191172
38,0,0,1,0.02077734,0.736267238,0.207088643,0.4096072,0.422872223,0.025308079,0,0.006439257
42,0,0,1,0.117060555,0.481735902,0.301689147,0.222949973,0.543718006,0.093293921,0,0.306667465
43,0,1,0,0.67209962,0.497900981,0.567686217,0.478287437,0.786121357,0.553618234,0,0.393731412
39,0,0,0,0.375462042,0.218819201,0.605772025,0.342387764,0.411255788,0.13592058,0,0.389810862
39,0,0,2,0.473961783,0.552193025,0.554230998,0.945922479,0.527287747,0.432980158,0,0.31903046
41,0,0,2,0.06898181,0.514895683,0.676591129,0.346066599,0.270234418,0.058760785,0,0.069560456
48,0,0,3,0.123479041,0.457821468,0.494918349,0.467530946,0.727521918,0.093524018,0,0.029295807
31,0,1,1,0.468123212,0.644527682,0.303861608,0.104297517,0.360118422,0.499155091,0,0.186362959
34,1,0,0,0.225055341,0.64142889,0.436736128,0.138650463,0.944564784,0.238820495,0,0.038644032
32,0,0,1,0.689485051,0.323858714,0.692040267,0.406133246,0.334005542,0.369414719,0,0.233460872
28,0,0,0,0.39588403,0.827530014,0.518756891,0.55340055,0.113988648,0.541982782,0,0.153514713
35,1,0,0,0.358221132,0.410148089,0.473851233,0.655685117,0.315027505,0.243066802,0,0.684218348
33,0,1,1,0.447078778,0.185817993,0.651637626,0.841132261,0.584775044,0.137437603,0,0.261042486
44,0,0,0,0.143749207,0.332249034,0.739150122,0.002802439,0.774392197,0.079013798,0,0.356878709
28,0,0,0,0.021307187,0.513509026,0.420024641,0.314644968,0.23856853,0.018101224,0,0.043667192
34,0,0,2,0.461086841,0.596804745,0.400447235,0.209284864,0.680311788,0.455248737,0,0.38048041
37,0,0,0,0.369654499,0.212642318,0.772120217,0.200389497,0.291013963,0.130040745,0,0.198709662
29,0,0,0,0.644085593,0.311138455,0.420305536,0.714486386,0.318817449,0.331536257,0,0.034459519
34,0,0,0,0.104874114,0.557077145,0.036684814,0.089753045,0.434514432,0.096653459,0,0.031178911
40,0,0,0,0.161039114,0.363167336,0.370811592,0.661142374,0.850888042,0.096754664,0,0.09850409
35,0,1,2,0.288708045,0.716975937,0.589775655,0.314534681,0.564143707,0.342450039,0,0.747594055
34,0,1,2,0.141354465,0.419180784,0.343804444,0.226131843,0.366358612,0.098026761,0,0.320897666
32,0,0,0,0.152355635,0.511862904,0.576791726,0.244620419,0.759009095,0.129016701,0,0.049920559
45,0,0,0,0.461923745,0.617140086,0.601611731,0.430391297,0.598770599,0.471615205,0,0.284565484
37,0,1,0,0.274574219,0.794796333,0.496061697,0.217065346,0.168435966,0.36103505,0,0.400981682
46,0,0,0,0.059153634,0.274412236,0.564716081,0.404374032,0.15985509,0.026854598,0,0.189904173
36,0,0,0,0.100198191,0.435564544,0.230295799,0.393677489,0.464600803,0.072201489,0,0.408859641
38,0,0,0,0.203300623,0.391025449,0.443781968,0.151269946,0.630113612,0.131515666,0,0.240643266
30,0,0,2,0.228155786,0.430213919,0.295246905,0.739704783,0.251716309,0.162386417,0,0.422646475
22,0,0,2,0.239073343,0.550820555,0.382867222,0.580381245,0.311954911,0.21785877,0,0.338727498
42,0,0,3,0.162300601,0.51487077,0.00737293,0.044065655,0.334981975,0.138245855,0,0.261756324
41,0,0,0,0.031742872,0.416682924,0.431712028,0.449548583,0.130993291,0.021881932,0,0.337766398
42,0,1,1,0.591496227,0.682257052,0.797896573,0.223067262,0.561947024,0.667626806,0,0.045235675
30,0,0,0,0.109227667,0.577428056,0.710776806,0.235322107,0.703512101,0.104343234,0,0.224855712
38,0,1,0,0.084820018,0.165422137,0.57985134,0.416162215,0.973709091,0.023212704,0,0.19511574
39,0,0,0,0.273878,0.415081659,0.012141965,0.043316375,0.200137243,0.188072131,0,0.118601246
45,0,0,1,0.415240722,0.573927009,0.419091365,0.5607199,0.514774182,0.394266933,0,0.038580757
46,0,0,3,0.038867723,0.492789761,0.328011195,0.225571923,0.137781659,0.031687249,0,0.403810989
41,0,0,0,0.47211693,0.509609897,0.713444155,0.279162528,0.161874026,0.398034927,0,0.571906275
30,0,1,2,0.589682619,0.446737437,0.746800512,0.250574288,0.222709381,0.435817263,0,0.065924978
30,0,0,0,0.439935595,0.615754992,0.049357327,0.109028214,0.509204672,0.448157632,0,0.244311906
33,0,0,2,0.216116086,0.62601233,0.241703855,0.141151062,0.615451636,0.223822495,0,0.238194062
38,0,0,2,0.099078868,0.746502781,0.567219456,0.269169145,0.926693355,0.122361902,0,0.155562261
33,0,0,0,0.616665488,0.453434458,0.391828999,0.429803395,0.462490466,0.462591787,0,0.21004634
35,0,0,0,0.525962058,0.481748448,0.338565905,0.267336041,0.693822654,0.419187665,0,0.221273402
31,0,0,2,0.181384378,0.37204597,0.201079758,0.421402047,0.203589627,0.111642676,0,0.452996925
39,0,0,2,0.240169348,0.658784055,0.121509292,0.266453024,0.05105964,0.261754654,0,0.353796657
39,0,0,2,0.50320591,0.539248742,0.28662816,0.133170408,0.649564097,0.448919662,0,0.638697988
32,0,0,1,0.215679068,0.583660312,0.138172279,0.342220805,0.354686935,0.208258106,0,0.315412899
39,0,0,2,0.397901863,0.709992668,0.340035266,0.331008652,0.494826348,0.467372968,0,0.354762436
29,0,0,2,0.152896625,0.555229016,0.401355854,0.214136709,0.035710472,0.140444199,0,0.373512364
41,0,1,0,0.212688457,0.512477767,0.327038627,0.270161362,0.398334809,0.180323656,0,0.352029948
36,0,0,2,0.211789927,0.375410975,0.491627647,0.254775455,0.115505831,0.131536421,0,0.420140012
40,0,0,1,0.752218068,0.443681285,0.274395181,0.149318657,0.895977315,0.552139254,1,0.777688887
32,0,0,1,0.116302967,0.486658453,0.374500266,0.5920096,0.068522076,0.093637287,0,0.368891124
43,0,0,0,0.895615699,0.169565407,0.503166538,0.027050029,0.463921803,0.25124227,0,0.263681815
40,0,0,0,0.658684718,0.567290711,0.246316812,0.476946495,0.325366094,0.618182937,0,0.462865925
30,0,1,0,0.454633521,0.679699676,0.559020667,0.018660699,0.316036976,0.51122522,0,0.926899662
45,0,0,3,0.119495594,0.228862226,0.888659704,0.921579801,0.723888803,0.045243872,1,0.716216461
40,0,0,0,0.578277304,0.607649314,0.660335882,0.520143027,0.103459885,0.581330238,0,0.423475778
32,1,0,0,0.151939951,0.378477555,0.370441033,0.422613991,0.83716824,0.095136214,0,0.125135592
39,0,0,0,0.394504961,0.745104522,0.238730081,0.475015743,0.442602118,0.486299051,0,0.536671929
38,0,0,2,0.309228149,0.553030428,0.765717768,0.508530986,0.269885981,0.282918797,0,0.596931018
38,0,0,1,0.008836385,0.440530309,0.408761117,0.27605888,0.047023359,0.006439975,0,0.035418502
36,0,0,0,0.101791338,0.161021062,0.367492061,0.444056063,0.673260868,0.027116102,0,0.267867068
40,0,0,0,0.38410244,0.471029268,0.134781814,0.047759393,0.880498391,0.299315159,0,0.430440574
23,0,0,0,0.747220542,0.654257415,0.534351759,0.461928831,0.250619038,0.808781502,0,0.594984215
34,0,0,0,0.115829053,0.746939204,0.393316904,0.545067493,0.323280414,0.143131925,0,0.016356802
33,0,0,2,0.151498675,0.567227666,0.091909583,0.161852283,0.241917847,0.142167391,0,0.255115897
44,0,0,2,0.063835199,0.563759179,0.777513555,0.477890739,0.904038243,0.059537089,0,0.531606773
43,0,0,0,0.381165537,0.809590685,0.494818907,0.729347919,0.458902003,0.510520144,0,0.187092549
36,0,0,2,0.148363957,0.616236321,0.080274793,0.339495323,0.884970621,0.1512549,0,0.173175918
39,0,0,1,0.189712987,0.433595892,0.262378062,0.146615679,0.748770524,0.136086792,0,0.009258548
35,0,0,2,0.261602972,0.570219573,0.526800955,0.155223825,0.733464884,0.24678488,0,0.224855224
29,0,0,0,0.460133313,0.499570519,0.414961703,0.245847916,0.07916877,0.380289411,0,0.664225024
36,1,0,0,0.153747395,0.494271818,0.32585369,0.024003422,0.885020063,0.125720868,0,0.497814694
47,0,0,1,0.341028243,0.644831927,0.204581655,0.330835913,0.20338051,0.363806651,0,0.047062494
48,0,0,2,0.263028873,0.595851614,0.476509133,0.035904301,0.336379732,0.25928375,0,0.080059761
36,0,0,2,0.448716661,0.422150062,0.181262747,0.242758613,0.393060332,0.313381104,0,0.139859683
45,0,1,0,0.131632541,0.533456642,0.601699591,0.413583205,0.377199488,0.116170577,0,0.117085631
39,0,0,0,0.444726633,0.459512159,0.731383467,0.048527772,0.975252732,0.33808344,0,0.503274865
37,0,0,1,0.583047456,0.708506118,0.268426235,0.437749086,0.436335879,0.683409897,0,0.230660863
35,0,0,0,0.137540743,0.523199055,0.225088628,0.860139432,0.741224886,0.119050732,1,0.335599224
26,0,0,1,0.028773768,0.253560452,0.614211397,0.237916052,0.177324065,0.012070132,0,0.751783486
39,0,0,0,0.129712434,0.386747954,0.201271898,0.800617229,0.404804035,0.082993368,0,0.633692652
31,0,0,0,0.389615208,0.338827094,0.486957218,0.055914886,0.535721515,0.218397562,0,0.468376204
29,0,0,1,0.156712294,0.454236448,0.479102982,0.629149637,0.33657176,0.117765695,0,0.04159144
36,1,0,2,0.319054628,0.694000132,0.702736756,0.49945943,0.060443666,0.366318081,0,0.113721898
35,0,0,0,0.546342806,0.319761112,0.65751072,0.334431219,0.342120092,0.289017825,0,0.327306004
41,0,1,1,0.313479976,0.43521382,0.440033712,0.285791064,0.266908227,0.225707628,0,0.168100508
33,0,0,2,0.179069298,0.521058005,0.930946055,0.644178953,0.76792257,0.154362199,0,0.396735433
28,0,1,0,0.570458598,0.552222676,0.117454489,0.362882466,0.408075976,0.521161254,0,0.182216973
38,0,0,0,0.475864204,0.303671445,0.493613192,0.60654711,0.400897005,0.239067614,0,0.535225743
40,0,0,0,0.358355558,0.478159177,0.318879365,0.002442943,0.074386302,0.283478675,0,0.61955148
39,0,0,0,0.342446065,0.325249452,0.740603022,0.147116261,0.653392182,0.184264854,0,0.078852974
33,1,0,1,0.285017164,0.381045772,0.310245081,0.098530706,0.325101343,0.179672626,0,0.357205229
42,0,0,0,0.228996397,0.614522794,0.584358092,0.127264065,0.831894367,0.23280934,0,0.024980657
36,0,0,1,0.516693347,0.30368228,0.420910324,0.164067354,0.712496808,0.259588873,0,0.095970758
37,0,0,0,0.167538605,0.726522053,0.06203347,0.038735089,0.002377399,0.201371242,0,0.174000492
37,0,0,0,0.474610671,0.506775543,0.084751906,0.136815213,0.801043032,0.397911875,0,0.355730246
41,0,1,2,0.557825781,0.751034759,0.071406987,0.197766507,0.610832912,0.693094374,0,0.334938087
34,0,0,3,0.218331853,0.6524604,0.100330948,0.557963198,0.867275756,0.235670385,0,0.073639449
29,0,1,0,0.396351194,0.33709523,0.41615859,0.078631614,0.674970758,0.221037791,0,0.676245328
38,0,0,2,0.139892007,0.557239621,0.43649357,0.793626732,0.082487722,0.128964044,0,0.281449426
37,0,1,0,0.030822705,0.551569831,0.307378655,0.537274403,0.078710917,0.028125808,0,0.357213804
34,0,0,3,0.083703592,0.537233221,0.568789953,0.226932226,0.719069562,0.07439448,0,0.115097141
28,0,1,2,0.286270342,0.547498948,0.317030317,0.322492409,0.68836105,0.259294556,0,0.145074852
36,0,0,2,0.262390818,0.70202674,0.432219028,0.469463011,0.758105331,0.304744616,0,0.14348588
32,0,0,0,0.337680202,0.587193326,0.22328934,0.458728828,0.277329975,0.328035212,0,0.091246515
33,0,0,1,0.070698669,0.561776842,0.516082868,0.309519155,0.780116819,0.065706575,0,0.382175015
29,0,0,1,0.005840096,0.438134247,0.233577432,0.772700938,0.272160942,0.004233123,0,0.171107001
50,0,0,2,0.536251243,0.66591331,0.376214351,0.225711959,0.910843951,0.590771806,0,0.286791473
37,0,0,0,0.727468157,0.830906695,0.158721811,0.072501659,0.632492205,1,0,0.08696431
33,0,0,0,0.330217283,0.227862654,0.333631505,0.394399762,0.21666454,0.124482043,0,0.016783086
25,0,1,0,0.170861396,0.404176193,0.274558823,0.157914682,0.309213249,0.114247954,0,0.353963838
35,0,0,1,0.253352913,0.853498087,0.147317122,0.65270838,0.307337335,0.357735638,0,0.156772794
34,0,1,1,0.007965909,0.176478416,0.142337048,0.313544873,0.154531037,0.002325737,0,0.130892863
48,0,0,0,0.240348567,0.456760243,0.59314088,0.133371042,0.233568334,0.181619964,0,0.49680817
33,1,0,0,0.581163135,0.262525057,0.376732006,0.618306273,0.187609688,0.252407684,0,0.284278625
36,0,0,1,0.15131637,0.500903902,0.45367689,0.343704543,0.400444763,0.125393228,0,0.623033749
40,0,0,1,0.305259419,0.342037114,0.148734262,0.317088924,0.849190169,0.172733296,0,0.00739733
36,0,1,2,0.301511958,0.519896907,0.712595297,0.553416484,0.505569445,0.259331653,0,0.287970314
43,0,0,3,0.157822527,0.381144,0.216155792,0.906054366,0.561718969,0.099515753,0,0.232949597
38,1,0,1,0.61132336,0.149517573,0.211084013,0.351365562,0.735216099,0.151215735,0,0.055951408
34,0,0,1,0.354621143,0.699140408,0.05116737,0.52114013,0.618491069,0.410168952,0,0.613197526
42,0,0,2,0.246303069,0.533631283,0.575344985,0.293538776,0.405714239,0.217442713,0,0.392430152
30,0,1,0,0.409754426,0.59770454,0.278924415,0.519189254,0.003324004,0.405176233,0,0.43659933
36,0,0,1,0.277601407,0.646352395,0.456479971,0.145975486,0.776223992,0.29684161,0,0.391623363
41,0,0,2,0.14381534,0.582205061,0.176396822,0.400483749,0.67692233,0.138520784,0,0.531045763
32,0,1,2,0.366466451,0.43513621,0.747602679,0.240012865,0.621189351,0.263811183,0,0.243627934
35,0,0,0,0.399325998,0.466610131,0.554064683,0.396492192,0.990551696,0.308258814,0,0.425020691
36,0,0,0,0.327810432,0.727654879,0.781363625,0.446167882,0.501881024,0.394622615,0,0.53407174
41,0,0,3,0.351106299,0.247050101,0.342684196,0.438541401,0.555629147,0.143501821,0,0.303595927
44,0,0,2,0.626355178,0.427503011,0.400651635,0.223753748,0.204604634,0.442989675,0,0.306419568
41,0,0,2,0.56813536,0.450165843,0.364125247,0.342188454,0.713387927,0.423114699,0,0.36700633
31,0,0,0,0.500833351,0.59919876,0.080350399,0.10834121,0.167655145,0.496475591,0,0.268919995
26,0,1,1,0.269803302,0.357342325,0.288100008,0.925830098,0.483451337,0.159501758,0,0.409259094
43,0,0,0,0.271903939,0.679647845,0.084538638,0.556707954,0.86482569,0.30572658,0,0.366279955
42,0,0,2,0.435301767,0.57802356,0.539908957,0.34586779,0.419029436,0.416264835,0,0.078872529
40,0,1,3,0.412871801,0.614249938,0.490836683,0.372290851,0.81746848,0.41956002,0,0.07027388
38,0,0,2,0.903376219,0.52728536,0.114424156,0.692045897,0.448546072,0.788039744,0,0.083680185
44,0,0,2,0.184833289,0.318393465,0.617846814,0.602467652,0.232584411,0.097359445,0,0.273994139
37,0,0,2,0.542354729,0.638438408,0.266393398,0.169641134,0.459576958,0.572843766,0,0.607014998
37,0,0,0,0.486341741,0.413174141,0.236256468,0.11604424,0.913567608,0.332436294,0,0.361800146
42,0,0,0,0.438919485,0.338036935,0.432031928,0.137880462,0.360131017,0.245461153,0,0.289783806
44,0,1,2,0.250612223,0.692502853,0.278846245,0.765429871,0.56040054,0.287116115,0,0.342125348
40,0,0,0,0.132562644,0.577490788,0.110484317,0.539552164,0.002427084,0.126648477,0,0.063843226
37,0,0,1,0.211469781,0.531682958,0.381203841,0.072780533,0.289339452,0.186009365,0,0.297103361
42,0,1,3,0.52654001,0.717741327,0.664608907,0.605440494,0.901699678,0.625220321,0,0.522631396
35,0,0,0,0.30159202,0.334493924,0.178657439,0.578355746,0.994220235,0.166894426,0,0.434328618
37,0,0,0,0.206053088,0.461200286,0.072360021,0.683633918,0.78228951,0.157218066,0,0.184649119
43,0,1,1,0.358749229,0.692625109,0.157233935,0.821143587,0.929422282,0.411076795,1,0.725555895
33,0,0,1,0.292088553,0.626669932,0.221869971,0.347317236,0.284562734,0.302821809,0,0.176551315
44,0,0,0,0.677947357,0.534987392,0.32374328,0.630911047,0.420327814,0.600030426,0,0.120095616
37,0,0,2,0.539112428,0.354326369,0.301702134,0.299645037,0.066695988,0.316021457,0,0.265968339
33,0,1,0,0.18298911,0.514446255,0.255489155,0.551041626,0.263330781,0.155739583,0,0.002295741
38,0,0,1,0.247687409,0.376614192,0.602123236,0.374215057,0.20729235,0.154324317,0,0.497107762
34,0,0,2,0.515726398,0.304473908,0.72049946,0.46416443,0.299042944,0.259778495,0,0.413605087
38,0,1,2,0.080078888,0.343393441,0.354336256,0.433860652,0.293825947,0.045492917,0,0.62723299
26,1,0,0,0.371514868,0.480573109,0.887345466,0.344137185,0.185009689,0.295372065,0,0.436679272
41,0,0,1,0.114593012,0.395312331,0.408923427,0.009879472,0.626251703,0.074943203,0,0.240348678
25,0,0,0,0.16744982,0.533976249,0.132400393,0.128943798,0.537299399,0.147924591,0,0.276369326
33,0,0,0,0.201463708,0.597013112,0.414696015,0.479188943,0.323715592,0.1989823,0,0.342947346
30,0,0,0,0.42608874,0.466537976,0.210833799,0.415794503,0.527329043,0.32886739,0,0.246019056
28,0,0,1,0.356542017,0.426906563,0.610099766,0.470258306,0.08738879,0.25181251,0,0.093895148
40,0,0,1,0.469597858,0.697587386,0.543363785,0.141396093,0.532489716,0.541949076,0,0.213658166
36,0,0,0,0.066401579,0.752657751,0.513924349,0.110080563,0.130755357,0.082681757,0,0.584482786
31,0,1,2,0.394453339,0.592984628,0.456756751,0.640287383,0.720369589,0.386966016,0,0.544042693
35,0,0,0,0.435283608,0.202526504,0.455370974,0.165472891,0.458317395,0.145843787,0,0.145913365
27,0,0,0,0.368454684,0.4738695,0.448900172,0.11347017,0.152206709,0.288852807,0,0.463983222
37,0,1,0,0.446219926,0.4028147,0.243503079,0.645111084,0.155580283,0.29736375,0,0.435277528
37,0,1,3,0.162888844,0.743856091,0.679870536,0.337417407,0.265486518,0.200453673,0,0.256753838
31,0,0,2,0.321098128,0.414645344,0.322871546,0.138908922,0.694436905,0.220266434,0,0.271453661
47,0,0,0,0.54502689,0.584430357,0.597939872,0.365445076,0.531579602,0.52696825,0,0.012790867
30,1,0,1,0.201889955,0.592842593,0.306303926,0.304511277,0.056586446,0.198010337,0,0.512529584
27,0,0,0,0.124154742,0.721615037,0.35859136,0.500140915,0.346115027,0.148218577,0,0.186620313
37,1,0,0,0.166311317,0.371753197,0.261643314,0.330943877,0.712131612,0.102284604,0,0.50391197
33,0,1,0,0.235852838,0.838034636,0.110909686,0.296966326,0.445915045,0.326991775,0,0.196736109
41,0,0,1,0.393272351,0.335438195,0.417413367,0.446537229,0.328558867,0.218242678,0,0.502744136
42,0,0,2,0.529450275,0.513958432,0.671390554,0.31854647,0.791986023,0.450180757,0,0.771711882
28,0,0,2,0.696033903,0.485828886,0.393522034,0.391409767,0.436854862,0.559432227,0,0.642444027
48,0,0,2,0.397802454,0.636865213,0.258889117,0.001766193,0.657313876,0.419129991,0,0.150414233
31,0,0,0,0.323653502,0.448146028,0.611440901,0.163867423,0.799787026,0.239957107,0,0.427257437
39,0,1,0,0.767147807,0.603071238,0.749517505,0.226784198,0.286011857,0.765387593,0,0.068377974
42,1,0,2,0.540248672,0.312047368,0.639028809,0.503503581,0.269202088,0.278899661,0,0.452770106
39,0,1,1,0.153762125,0.564825346,0.245777308,0.978416921,0.570867227,0.143680326,0,0.334899321
42,0,0,0,0.238786933,0.25841272,0.452117532,0.108050586,0.164487755,0.102084122,0,0.203053409
32,0,0,0,0.21977896,0.382518168,0.447688244,0.437368823,0.146723116,0.139082323,0,0.348914672
42,0,0,2,0.072537813,0.859276975,0.504950858,0.215866118,0.219813852,0.103117265,0,0.388048945
34,0,0,0,0.343355053,0.465335137,0.218660244,0.202208642,0.271297855,0.264327924,0,0.244311906
45,0,0,0,0.23104019,0.462829336,0.698071062,0.460782015,0.268588051,0.176905838,0,0.335110311
40,0,0,0,0.464959038,0.471073269,0.292335061,0.35515327,0.406078586,0.362357211,0,0.261670162
34,0,0,2,0.315419028,0.603599001,0.368342773,0.255478886,0.892658092,0.314970699,0,0.456764546
36,1,0,0,0.135858877,0.353649068,0.738866607,0.315009641,0.993325374,0.079486668,0,0.557546249
41,0,0,2,0.164255394,0.54373643,0.290636006,0.167026116,0.841057501,0.147754877,0,0.361234023
30,0,0,1,0.043745845,0.557052478,0.097426843,0.668803137,0.467020804,0.040315001,0,0.638855986
40,0,1,0,0.408186865,0.347378156,0.471064845,0.220501231,0.330007141,0.234582324,0,0.314049462
38,0,0,0,0.459458969,0.700222944,0.072712688,0.579117758,0.238239397,0.532251416,0,0.320848671
41,1,0,1,0.283786465,0.528441412,0.289109661,0.435542064,0.513054308,0.248097436,0,0.368079748
27,0,0,0,0.304959556,0.450107059,0.222006424,0.059772332,0.824713875,0.227086766,0,0.182475642
31,0,0,2,0.154667929,0.508063472,0.359542521,0.365774739,0.554632702,0.130002588,0,0.576587368
30,0,0,1,0.33021391,0.22868093,0.044164807,0.391174501,0.780539328,0.124927793,0,0.156936363
33,0,0,1,0.073843488,0.320543448,0.185292544,0.474984129,0.637376198,0.039159114,0,0.049670814
34,0,0,0,0.535755798,0.201564735,0.060776685,0.045701431,0.684595162,0.178655005,0,0.7323419
42,0,0,3,0.230630209,0.781213356,0.820373452,0.474598054,0.662927022,0.298070918,0,0.362650342
33,0,0,1,0.336904887,0.542529845,0.01511123,0.202530471,0.566839244,0.302388102,0,0.870620869
30,0,0,0,0.160643288,0.338567847,0.413912368,0.592849077,0.739652797,0.089979184,0,0.130656342
38,1,0,1,0.239343333,0.548052001,0.633222059,0.061439614,0.499887405,0.217008556,0,0.3282434
39,0,0,0,0.037222611,0.492460905,0.507307548,0.664225259,0.352935645,0.030325806,0,0.247085433
41,1,0,2,0.456884458,0.859349447,0.61655794,0.49384141,0.842083027,0.649546041,0,0.382198185
35,0,1,2,0.024459247,0.240034362,0.565236369,0.544802146,0.827216548,0.00971293,0,0.04159144
38,0,0,2,0.650544073,0.525452464,0.12651179,0.321137596,0.361632349,0.565514717,0,0.024020249
35,0,1,3,0.560261234,0.179920268,0.388177647,0.432863941,0.106524715,0.166764811,0,0.439748102
30,0,1,0,0.303775445,0.577698157,0.227519761,0.162917854,0.754466168,0.290326983,0,0.225139323
41,0,0,0,0.491549891,0.560043472,0.249250626,0.121141706,0.431304403,0.455431534,1,0.85110049
40,1,0,1,0.132415478,0.488637729,0.967046769,0.288564201,0.808543671,0.107043303,0,0.322604644
37,0,0,0,0.616751003,0.569067063,0.586972449,0.110904572,0.467609151,0.580640157,0,0.506954478
35,0,0,0,0.613855845,0.426665487,0.033769201,0.467249416,0.680151736,0.433298977,0,0.245932302
35,0,0,0,0.43918932,0.460991445,0.235533902,0.782682592,0.599156619,0.334948772,0,0.499682391
30,0,0,0,0.060834014,0.450006815,0.291100638,0.025327683,0.668197721,0.045289687,0,0.375117955
37,0,0,1,0.248736983,0.606448434,0.373082765,0.184221063,0.916426471,0.249555988,0,0.301135152
38,0,0,1,0.645333854,0.579861016,0.259069392,0.666829917,0.172384169,0.619073357,0,0.604177443
36,0,0,3,0.160425897,0.330498019,0.761111021,0.293046758,0.401212089,0.087715651,0,0.501592111
44,0,0,0,0.523143408,0.468569894,0.414909088,0.204644372,0.461787532,0.405535514,0,0.46324703
41,0,0,2,0.339434597,0.768591875,0.096330903,0.655073123,0.03375333,0.431604186,0,0.401391106
35,0,0,0,0.556761453,0.469961839,0.237639528,0.484147809,0.204063139,0.432877994,0,0.376557225
33,0,0,2,0.705938395,0.314283291,0.93896572,0.141606063,0.08831481,0.367047144,0,0.154609653
32,1,0,1,0.543928116,0.696305934,0.153832257,0.386997271,0.707954521,0.626578311,0,0.37142039
35,0,0,0,0.218231381,0.509945208,0.330315615,0.39891919,0.447330302,0.184108767,0,0.39226201
34,0,1,2,0.367361406,0.842370215,0.927928431,0.454279554,0.608983228,0.511953227,0,0.06104456
38,0,1,0,0.063699077,0.280407627,0.214486442,0.622656546,0.704720859,0.029549948,0,0.093007365
32,0,1,0,0.320971223,0.367631473,0.532974727,0.712712266,0.361312858,0.195214708,0,0.531565767
33,1,0,0,0.27508292,0.45147903,0.509091335,0.301253017,0.398493384,0.205463633,0,0.319817139
37,0,0,0,0.156815789,0.458440181,0.82381942,0.116151576,0.371622701,0.118934052,0,0.232805373
40,0,0,0,0.303666439,0.449528607,0.06076687,0.893847619,0.766780995,0.225833251,1,0.731571437
51,0,0,1,0.259486389,0.510469698,0.055221795,0.359120835,0.226153906,0.219138308,0,0.004990664
41,0,0,2,0.356906804,0.545333303,0.478037499,0.615644033,0.90415193,0.321996093,0,0.760089934
34,0,0,0,0.358041604,0.481194327,0.872202238,0.668074023,0.512415803,0.285028145,0,0.01246041
36,0,0,0,0.336445672,0.540125489,0.839540628,0.861579149,0.81263823,0.300637653,1,0.291600703
36,0,1,2,0.421353828,0.434498486,0.711074497,0.130820349,0.521681496,0.302878863,0,0.498731267
38,0,0,1,0.07711082,0.387123775,0.650772361,0.285410954,0.167454151,0.049385439,0,0.057666882
42,0,0,1,0.073734047,0.744211697,0.155715018,0.153959753,0.17457167,0.090781702,0,0.774662247
40,0,0,2,0.367654616,0.44188799,0.33176451,0.537861106,0.137210645,0.268773208,0,0.12614924
39,0,1,1,0.319249997,0.391896478,0.866869931,0.3177114,0.49031139,0.206983638,0,0.003092414
30,0,1,3,0.25848547,0.77278847,0.278660542,0.275850881,0.541468284,0.330468846,0,0.337384973
32,0,0,0,0.125215334,0.511886886,0.224186541,0.04658584,0.049243046,0.106038915,0,0.19811256
32,0,0,1,0.492645322,0.593545361,0.627526862,0.483538933,0.339822943,0.483751174,0,0.291503754
36,0,1,1,0.349890045,0.402698725,0.556729393,0.643861737,0.864521085,0.233101782,0,0.235535956
33,0,1,0,0.364479224,0.670260181,0.208670371,0.057641128,0.858892203,0.404156857,0,0.179137484
32,0,0,0,0.207739862,0.561017574,0.059885264,0.348291376,0.740490741,0.192810224,0,0.353390522
35,0,0,0,0.285777357,0.296396322,0.57321929,0.443405938,0.986270097,0.140131051,0,0.3433911
36,0,0,1,0.172661998,0.342505249,0.264957671,0.151319766,0.937991987,0.097835788,0,0.284096204
35,0,0,1,0.080297282,0.464914928,0.013849671,0.0071106,0.167780853,0.061760114,0,0.35558422
39,1,0,0,0.185336463,0.566912934,0.563759231,0.05233103,0.570529147,0.173824501,0,0.061562144
40,0,0,1,0.583500129,0.424297586,0.441009966,0.092814992,0.510642155,0.409586158,0,0.173915914
36,1,0,0,0.084557553,0.473946524,0.144101477,0.703583926,0.785515185,0.066300302,0,0.532567588
31,0,0,3,0.3953047,0.492690871,0.532410333,0.086319661,0.076664202,0.322210914,0,0.382198185
36,0,0,0,0.516177464,0.573435674,0.364512498,0.335901767,0.85595404,0.489685789,0,0.35558422
34,1,0,3,0.190732955,0.53379829,0.13970359,0.211606664,0.238797413,0.168436679,0,0.293912572
25,0,0,0,0.569858519,0.612094386,0.77625401,0.053867134,0.632123289,0.57705764,0,0.281562167
48,0,0,0,0.238742568,0.49189365,0.222957528,0.238523925,0.653076532,0.194283013,0,0.1805738
31,0,0,0,0.009247692,0.43150062,0.423617279,0.428513931,0.436791083,0.00660159,0,0.017446304
36,0,0,0,0.370929324,0.373929532,0.404413592,0.355872306,0.275012427,0.229464068,0,0.63439861
34,0,0,2,0.211272851,0.614042556,0.620370638,0.075825358,0.28504943,0.214622831,0,0.438874976
30,0,0,1,0.403890394,0.620405785,0.683777646,0.576009841,0.560822434,0.41454637,0,0.72551273
33,0,0,0,0.370295429,0.595992871,0.264458178,0.499864704,0.686278184,0.365109531,0,0.019072985
34,0,0,0,0.549109206,0.505161671,0.22070042,0.249342709,0.396316686,0.458905084,0,0.359599876
43,0,1,3,0.64919826,0.510445883,0.592181614,0.760321731,0.256523834,0.548227487,0,0.382432728
33,0,0,1,0.493761453,0.636045941,0.934709212,0.269865581,0.942820254,0.519564442,0,0.113671638
32,0,0,0,0.294311193,0.393116598,0.228561828,0.097573908,0.273018448,0.191408806,0,0.110502006
44,0,0,1,0.201566085,0.269032071,0.846341374,0.468644235,0.758207578,0.089712977,0,0.160773626
34,1,0,2,0.299105065,0.325337763,0.103781652,0.5762394,0.541290828,0.160987441,0,0.104862487
42,0,0,1,0.084712901,0.571997917,0.754515813,0.031438568,0.903198687,0.0801637,0,0.084988923
40,0,1,0,0.140221228,0.434528057,0.67912089,0.222714751,0.489011833,0.100801117,0,0.34473915
27,0,0,0,0.131013671,0.402306346,0.305307581,0.607783993,0.378866784,0.087198147,0,0.106589292
32,0,0,0,0.617062058,0.318472701,0.817865973,0.189870557,0.504047119,0.325113353,0,0.125471602
42,1,0,0,0.271586084,0.475179068,0.175029062,0.016769535,0.560147646,0.213500339,0,0.124153026
42,0,1,0,0.274500959,0.449687633,0.874736702,0.187142648,0.141055829,0.204215435,0,0.600383961
42,0,0,0,0.391449361,0.723465746,0.139665355,0.2263863,0.858044139,0.468519117,0,0.757968281
30,0,0,0,0.125994127,0.378142457,0.124802222,0.173939726,0.802185601,0.078820556,0,0.890875777
39,0,0,1,0.289668677,0.549515422,0.31324311,0.354291955,0.912028784,0.263338996,0,0.256077079
32,0,0,0,0.524504303,0.279791696,0.498157905,0.132618168,0.58210335,0.24278264,0,0.327306004
30,0,0,1,0.219997681,0.214186729,0.799169237,0.437652519,0.165658657,0.077955079,0,0.046525973
33,1,1,2,0.046238727,0.319079684,0.967446722,0.702372429,0.532567784,0.02440837,0,0.265848763
36,0,0,1,0.216328041,0.352771403,0.444011156,0.777794946,0.873373816,0.126252488,1,0.721695103
39,0,1,0,0.159876342,0.417535702,0.04447906,0.765448552,0.581993441,0.11043623,0,0.087728819
28,0,0,0,0.248401863,0.405194922,0.022478615,0.803115706,0.405011209,0.166514707,0,0.118549978
33,0,0,3,0.118922464,0.342807225,0.753964697,0.581109637,0.333501413,0.067444668,0,0.79510914
36,1,0,0,0.147605393,0.138327056,0.486181499,0.035027714,0.47849534,0.033778714,0,0.282968982
31,0,1,2,0.458244979,0.499221033,0.391023,0.837500975,0.49903911,0.378463798,0,0.577182355
31,0,0,2,0.082838912,0.466744248,0.669019221,0.252252505,0.659161685,0.063965693,0,0.038579599
42,0,0,0,0.150532086,0.620138638,0.643995191,0.387756738,0.87242502,0.154437096,0,0.118623647
44,0,0,2,0.293466957,0.858807013,0.347021514,0.048886366,0.75175723,0.416954384,0,0.237815477
43,0,0,1,0.649582533,0.574496046,0.085429885,0.772857458,0.527170078,0.617383668,0,0.365894214
32,1,1,0,0.539059407,0.530508174,0.547856366,0.316466232,0.305222058,0.473110365,0,0.26466874
35,0,0,2,0.056857077,0.347024587,0.188863556,0.233392771,0.386973914,0.032642133,0,0.408915483
37,0,0,0,0.111673064,0.662653853,0.117374163,0.400875475,0.70467591,0.122424662,0,0.494811608
38,0,0,0,0.380817636,0.571332783,0.099136453,0.611406541,0.576739438,0.359948154,0,0.073157419
32,0,0,0,0.196453098,0.573761877,0.217160287,0.353723062,0.294302221,0.186476592,0,0.016783086
36,0,0,2,0.221614257,0.589500379,0.282969982,0.16848201,0.143641794,0.216130241,0,0.426352822
35,0,0,2,0.40883151,0.574016522,0.666678297,0.480734909,0.175686146,0.388241993,0,0.322523879
26,0,0,0,0.498509637,0.674354879,0.912798912,0.194653447,0.500077518,0.556154962,0,0.501881721
38,0,0,0,0.207870374,0.475658017,0.802713064,0.331146721,0.80539464,0.163576598,0,0.247085433
30,0,0,1,0.155246748,0.469557538,0.222028396,0.212672424,0.470926624,0.120599382,0,0.461547899
30,0,0,0,0.314174556,0.374058482,0.097196861,0.104217283,0.125535204,0.194421492,0,0.233391474
47,0,0,0,0.609378044,0.452082869,0.963403802,0.180729934,0.834533495,0.455762519,0,0.130312589
47,1,0,0,0.10505205,0.736458324,0.747068747,0.248943932,0.916058334,0.127993071,0,0.451722303
29,0,0,0,0.628666212,0.639763614,0.726019644,0.727670436,0.563961453,0.665385618,0,0.273433194
36,0,0,0,0.011228048,0.423775958,0.344165248,0.076668518,0.292516241,0.007871805,0,0.056950949
36,0,0,2,0.048272789,0.383452755,0.079880802,0.883929028,0.32220205,0.030623019,0,0.061296151
36,1,0,1,0.410781067,0.46939,0.439493359,0.219124009,0.317540905,0.318990688,0,0.36972537
39,0,0,0,0.548490689,0.507736997,0.588970838,0.589884174,0.551376738,0.460725047,0,0.290867944
24,0,0,0,0.269951823,0.576218281,0.20211906,0.479122565,0.788170104,0.257339854,0,0.55521839
34,0,0,1,0.175707332,0.528668782,0.232506057,0.115858807,0.419979107,0.153676445,0,0.5805456
40,0,1,2,0.248714317,0.889628367,0.063618651,0.209524906,0.303708523,0.366052319,0,0.21849632
35,0,0,0,0.515776202,0.54208472,0.368175958,0.369990275,0.773823038,0.462553764,0,0.685640578
44,0,0,3,0.738570431,0.592809028,0.569272233,0.081540443,0.137595955,0.724336682,0,0.324758421
34,0,1,0,0.190440621,0.352754329,0.418406843,0.644519866,0.17737365,0.111138798,0,0.524812168
35,0,0,0,0.356640921,0.287335099,0.359784235,0.074162746,0.383166219,0.16953275,0,0.754052981
39,0,0,1,0.072850407,0.560608977,0.313107251,0.516035321,0.401259455,0.067565623,0,0.203282957
41,0,0,0,0.317105314,0.385378986,0.644676593,0.004819319,0.249221943,0.202174,0,0.193874668
40,0,1,0,0.560785241,0.682737071,0.841049679,0.88643064,0.963496987,0.633408393,1,0.478883092
40,0,0,0,0.510388849,0.592894033,0.175005009,0.895018763,0.103885772,0.500624397,0,0.274257137
28,0,0,0,0.06022713,0.425219474,0.284261867,0.390353471,0.605965119,0.042368107,0,0.501731532
37,0,1,1,0.104450617,0.47120327,0.478378644,0.229223439,0.578405484,0.081424117,0,0.634622502
34,1,1,2,0.373318066,0.656592318,0.499376677,0.337199885,0.857009545,0.405516526,0,0.339805642
31,0,0,1,0.408844419,0.586975885,0.675093112,0.316970279,0.643572129,0.397019728,0,0.27421902
38,1,1,0,0.087891742,0.42350919,0.407167769,0.187716097,0.063568484,0.061580706,0,0.432453344
40,0,0,0,0.281695149,0.211431852,0.337733085,0.307371416,0.309391217,0.098533415,0,0.23629955
40,0,0,3,0.216119184,0.455454208,0.528102913,0.096327164,0.290482315,0.162844011,0,0.318783706
39,0,0,0,0.175186842,0.658285677,0.756602281,0.158948476,0.728152026,0.190787379,0,0.300247714
27,0,0,3,0.391812375,0.385458402,0.255973714,0.180613129,0.845662034,0.249855791,0,0.289973482
38,0,0,0,0.156158274,0.632298605,0.056007299,0.629072316,0.237009451,0.163350692,0,0.283731623
31,0,0,2,0.377995095,0.57285303,0.104127666,0.471320405,0.527077603,0.358230973,0,0.06185091
41,0,0,0,0.152855827,0.585114142,0.503319095,0.699316522,0.320565257,0.147964097,0,0.169001332
43,0,0,0,0.498194797,0.537610434,0.403977422,0.160969531,0.786420354,0.443098858,0,0.490804924
32,0,1,0,0.42889105,0.718204472,0.716829963,0.31615949,0.007934289,0.509599323,0,0.154609653
35,1,0,2,0.443464988,0.641091806,0.469313803,0.117750823,0.395282824,0.470341519,0,0.047062494
34,0,1,0,0.249083,0.682512706,0.62363186,0.411860295,0.90927106,0.281247443,0,0.395847178
35,0,0,2,0.287984534,0.669743347,0.406498501,0.502537583,0.665646074,0.319088628,0,0.238538678
34,0,0,2,0.267192707,0.407647785,0.288476648,0.156806822,0.587374684,0.180195292,0,0.457618237
23,0,0,0,0.579076131,0.402659272,0.274759544,0.401014394,0.558547541,0.385751054,0,0.374133272
46,0,0,0,0.389043678,0.631342641,0.225627968,0.738886787,0.422504391,0.40634717,0,0.275445262
41,1,0,1,0.440443295,0.556097442,0.455237701,0.514783647,0.841011763,0.405204868,0,0.008781351
38,0,0,0,0.444583633,0.255354949,0.572001296,0.222898733,0.461471147,0.187815531,0,0.035990783
33,0,0,3,0.472434402,0.415935218,0.85871963,0.409143041,0.778219527,0.325088018,0,0.194406456
32,0,0,0,0.303517336,0.607187478,0.223688828,0.105540857,0.636551877,0.304887811,0,0.533411869
29,0,0,2,0.142864847,0.721364894,0.60631644,0.320701384,0.377966793,0.170495977,0,0.578877202
33,0,0,2,0.273706974,0.442162371,0.137468625,0.380086811,0.516161498,0.200217206,0,0.270683618
36,0,0,1,0.087454702,0.390616684,0.062237714,0.653745581,0.013249012,0.056515517,0,0.015878095
33,0,0,0,0.370186297,0.453975455,0.685027591,0.277271149,0.692288239,0.278026674,0,0.134446476
37,0,1,0,0.129775434,0.626097409,0.031780239,0.155931794,0.778316678,0.134421318,0,0.120993472
41,1,0,0,0.074611865,0.711724715,0.422094787,0.389749729,0.741563861,0.087852413,0,0.514582381
34,0,0,0,0.060634774,0.272540569,0.562861946,0.227502319,0.308199399,0.027339255,0,0.217577523
37,0,0,0,0.181245447,0.381348971,0.820113158,0.480521588,0.290941635,0.114346648,0,0.462865925
28,0,0,0,0.530365462,0.370584772,0.577709141,0.071279552,0.572758863,0.325159583,0,0.592675653
39,0,0,0,0.291806171,0.52019403,0.13213821,0.485554922,0.587902837,0.251127105,0,0.199616572
36,0,1,1,0.274397303,0.593849002,0.374937045,0.292272974,0.602335636,0.269581213,0,0.262186419
34,0,0,2,0.110580025,0.684374683,0.421611512,0.374929208,0.681021391,0.125200013,0,0.382816395
38,0,0,1,0.099921126,0.484977377,0.352727913,0.314955685,0.298001277,0.080170123,0,0.558099939
35,0,1,2,0.562828117,0.227424584,0.319593854,0.510935504,0.256493681,0.211761472,1,0.820520013
38,0,0,0,0.338990906,0.695796463,0.245633395,0.775732291,0.502464301,0.390215052,0,0.441523008
31,0,0,2,0.172961222,0.239266841,0.730372028,0.632304169,0.458859022,0.068464433,0,0.084988923
40,0,0,0,0.249455575,0.537872465,0.47052122,0.656424372,0.900972503,0.221976133,0,0.257586616
37,0,0,0,0.001760484,0.359908192,0.142932026,0.522667619,0.217114294,0.001048233,0,0.074119588
37,0,0,0,0.320873913,0.525959079,0.230808573,0.564421851,0.187104105,0.279203025,0,0.414666359
44,0,0,0,0.526312363,0.826280429,0.647146567,0.676244377,0.062099419,0.719456916,0,0.541618644
31,0,0,1,0.613627614,0.574407003,0.886594132,0.785687696,0.907264392,0.583120587,1,0.405828796
30,0,0,2,0.10828572,0.282070758,0.731649501,0.16399033,0.592201361,0.050531595,0,0.105744962
35,0,1,0,0.191183475,0.403317126,0.300228172,0.068609843,0.584982962,0.127564775,0,0.382066792
35,0,0,2,0.154892616,0.699046663,0.175755504,0.305206824,0.489983082,0.179130952,0,0.225574512
38,0,0,1,0.278905323,0.449395763,0.496849653,0.407703479,0.117664741,0.207357396,0,0.370338304
38,0,1,0,0.184536423,0.427254836,0.883317496,0.16821483,0.570732797,0.130437612,0,0.108762289
41,0,1,0,0.235852064,0.642911658,0.41405744,0.891934659,0.500210727,0.250856141,0,0.783154216
33,1,0,3,0.013765756,0.328178534,0.322711486,0.334568498,0.586007716,0.007473843,0,0.806265553
36,0,0,0,0.223181944,0.572135546,0.624980339,0.591248763,0.472374301,0.211247579,0,0.732809256
35,1,0,2,0.161902811,0.61806015,0.234913598,0.363427954,0.730760484,0.165546074,0,0.182620985
18,0,0,0,0.131121363,0.674807985,0.213529226,0.907305418,0.355167306,0.146381915,0,0.278141838
31,0,0,1,0.497321176,0.435739317,0.184497617,0.457515278,0.495675582,0.358506847,0,0.533424836
36,0,0,1,0.03039258,0.585946409,0.466795704,0.032532058,0.568582036,0.029461796,0,0.077410928
39,0,0,1,0.284475967,0.515125558,0.062083899,0.34480348,0.058779835,0.24243339,0,0.023146556
28,0,1,2,0.422267894,0.448674726,0.838386236,0.452092397,0.417197069,0.313439281,0,0.063613115
31,0,0,0,0.190795769,0.8534129,0.285645478,0.437294707,0.055342562,0.269377735,0,0.473127163
29,0,1,0,0.333399261,0.440637531,0.557161036,0.424844188,0.564439605,0.243041184,0,0.631644105
38,0,0,0,0.251223592,0.343562641,0.44335991,0.349118762,0.922758321,0.14279076,0,0.489851973
34,0,1,3,0.119406418,0.524273327,0.333481212,0.521590429,0.101982661,0.103566473,0,0.034258873
35,0,0,3,0.417251141,0.473783172,0.207739004,0.201128468,0.230743015,0.327047564,0,0.658983316
48,0,0,0,0.16601431,0.455767566,0.299195252,0.106637194,0.937419343,0.125176468,0,0.045828545
37,0,1,0,0.780399482,0.332456786,0.412741387,0.018362681,0.982708232,0.429225908,0,0.549617794
32,0,0,0,0.179199406,0.601251442,0.400655421,0.207652999,0.602111184,0.178248733,0,0.47118565
39,0,0,0,0.235889186,0.705356805,0.075170536,0.469845036,0.427969472,0.275264779,0,0.297103361
38,0,0,2,0.00499515,0.658509668,0.085511005,0.457419469,0.140094907,0.005441823,0,0.036281557
31,0,1,0,0.319470438,0.587784625,0.135784154,0.491253562,0.167458099,0.310658079,0,0.112996549
38,0,0,2,0.526573155,0.495317518,0.400016039,0.172707604,0.60651977,0.431495386,0,0.574647282
36,1,0,0,0.546577968,0.364214355,0.132773198,0.203162323,0.309888914,0.329338827,0,0.544664782
36,0,0,1,0.59394099,0.434960969,0.800720627,0.448161155,0.290275801,0.427392936,0,0.79510914
37,0,0,0,0.583042646,0.360907846,0.713604037,0.425680631,0.57807556,0.348121142,0,0.159601073
32,0,1,1,0.421956749,0.682913139,0.717880673,0.950555934,0.031311746,0.476724157,0,0.367452961
30,1,0,0,0.118315315,0.447978823,0.332027257,0.902582916,0.842755348,0.087686392,1,0.360196127
34,0,0,0,0.391523571,0.437412621,0.343068846,0.30158194,0.61636356,0.283323747,0,0.081933511
34,0,0,0,0.287701105,0.643355196,0.626151145,0.60530452,0.614591782,0.306214743,0,0.049821915
34,0,0,0,0.206499532,0.449779333,0.57111828,0.288030694,0.514775747,0.15365699,0,0.365114292
41,0,1,0,0.361699085,0.348314085,0.741954229,0.022126713,0.113406206,0.208426147,0,0.195363014
34,0,0,1,0.539608422,0.399911125,0.164202341,0.108492612,0.258967868,0.357006365,1,0.546731365
31,0,0,1,0.66171062,0.615398465,0.730688931,0.211606477,0.712170245,0.673687156,0,0.302715743
34,0,0,3,0.14663249,0.784408835,0.11448345,0.500800431,0.281229813,0.190285826,0,0.16487957
37,0,0,0,0.367423996,0.427487783,0.223485237,0.457250911,0.83336017,0.25985135,0,0.086355261
34,0,0,0,0.077592639,0.551050454,0.631623415,0.09186684,0.663479602,0.070736837,0,0.40609142
37,0,0,0,0.149662566,0.751502814,0.547684559,0.646139533,0.588244795,0.186070512,0,0.394277764
41,0,0,1,0.002638737,0.516813331,0.890085319,0.122257094,0.534880684,0.002256127,0,0.368371397
36,0,0,0,0.467078718,0.36067098,0.086180069,0.688900166,0.642154115,0.278698758,0,0.56917307
39,0,0,0,0.340039957,0.624711534,0.265779957,0.134617977,0.129476597,0.351433559,0,0.162731114
34,0,0,1,0.125412848,0.543383625,0.767159972,0.325324937,0.550094985,0.112741116,0,0.101917688
36,0,0,0,0.421811889,0.405951335,0.217250182,0.20941759,0.520954417,0.283286934,0,0.04159144
27,0,0,3,0.412866289,0.381094977,0.224102221,0.072095958,0.194639727,0.260301339,0,0.013947063
37,0,0,3,0.156104008,0.484651597,0.78214447,0.583680607,0.727381202,0.12516343,0,0.298078926
35,0,0,2,0.446825457,0.12929126,0.668136318,0.660883744,0.752534593,0.095574235,0,0.171833107
30,0,0,1,0.015988996,0.586413974,0.256204927,0.204048701,0.56066424,0.015511695,0,0.168825591
36,0,0,3,0.698642909,0.395089149,0.09276615,0.125437773,0.166424171,0.456650682,0,0.370303816
37,0,0,1,0.494426905,0.391223314,0.085213292,0.254220245,0.640185118,0.320007809,0,0.146956446
28,0,0,0,0.517005804,0.372156212,0.352901687,0.203892627,0.983578518,0.31831305,0,0.198472815
33,0,1,1,0.500026898,0.288491453,0.545927259,0.590624469,0.053053577,0.238649249,0,0.446149045
35,0,0,1,0.414022707,0.585142926,0.667231342,0.378474295,0.133209711,0.400792766,0,0.666349622
35,0,0,0,0.273534223,0.693979022,0.493300934,0.06218143,0.472579692,0.314044916,0,0.104710467
39,0,0,0,0.074869457,0.57218219,0.269791124,0.095042109,0.466544023,0.070871688,0,0.641242147
37,1,0,1,0.405615373,0.403583262,0.830192753,0.842167221,0.633334488,0.270820357,1,0.802026704
26,0,0,2,0.554024604,0.498431261,0.082305553,0.048430412,0.492323949,0.456844161,0,0.408374323
38,1,0,0,0.063874433,0.617209901,0.685279824,0.233884333,0.133493928,0.065221937,0,0.293860438
31,0,0,3,0.589915809,0.331412375,0.520499973,0.100518457,0.38462014,0.323439092,0,0.190300224
41,0,1,2,0.354290255,0.751495066,0.341956079,0.17920724,0.39681288,0.440472799,0,0.009827717
41,0,0,2,0.443331818,0.529433434,0.127815585,0.323488439,0.05591792,0.388305927,0,0.49504253
31,0,0,1,0.340079933,0.591511823,0.561353799,0.449089669,0.017426225,0.332796071,0,0.500538248
30,0,1,0,0.324836303,0.330007715,0.061865461,0.25529355,0.998442054,0.177346412,0,0.457272533
31,0,0,0,0.617594504,0.312598196,0.058248784,0.271163142,0.064159402,0.319391713,0,0.350210341
36,0,0,0,0.300578995,0.413267481,0.342653375,0.145459546,0.664522374,0.205505579,0,0.509366396
30,0,0,0,0.292022189,0.244550383,0.398588491,0.434971575,0.115821461,0.118145709,0,0.202120657
31,0,0,2,0.50403406,0.479481238,0.273815824,0.252882263,0.055103172,0.399820683,0,0.367135307
31,0,0,1,0.447435361,0.439015426,0.310139516,0.523745525,0.586501278,0.324970425,0,0.333419502
35,0,1,1,0.25251447,0.326367893,0.396384782,0.252066555,0.671100385,0.136341307,0,0.320954886
32,0,0,3,0.236892762,0.540997759,0.671560255,0.319091608,0.462962002,0.212022041,0,0.624036104
35,0,1,1,0.34003746,0.328677404,0.999928063,0.290093041,0.160530676,0.184897213,0,0.099437432
33,0,0,2,0.220442909,0.53231128,0.302020483,0.555275306,0.397104348,0.194131297,0,0.068653365
37,0,0,2,0.043212141,0.274991343,0.603056237,0.382412026,0.562209944,0.01965887,0,0.26193877
33,0,0,0,0.206741415,0.714701243,0.168302094,0.333613055,0.594073163,0.244447599,0,0.140117378
32,0,0,0,0.041970208,0.578298857,0.139358219,0.23964174,0.614612507,0.040153852,0,0.102927613
35,0,0,0,0.286435676,0.662036755,0.306608834,0.150873957,0.677111372,0.313720548,0,0.327069587
32,0,0,2,0.023112605,0.601818383,0.105787882,0.463868924,0.025761889,0.023011668,0,0.775895529
28,0,0,2,0.533288353,0.745603178,0.542880943,0.271133995,0.549927896,0.657814744,0,0.032511446
37,0,0,0,0.703888279,0.589170195,0.526402765,0.591097076,0.037858093,0.686085524,0,0.058641992
46,0,1,1,0.15735003,0.503989348,0.620524823,0.4702784,0.405644654,0.131196407,0,0.542169875
24,0,0,3,0.477969968,0.648490968,0.202389705,0.092436911,0.09233242,0.512788522,0,0.002313906
30,1,0,0,0.221060633,0.447162447,0.617405405,0.052906379,0.937139696,0.163534914,0,0.498430357
34,0,0,2,0.217705708,0.445641194,0.174699861,0.25091032,0.492963904,0.160505123,0,0.146745953
42,1,0,2,0.44877811,0.388658873,0.290210999,0.162811845,0.441269452,0.288558589,0,0.483250963
34,0,1,0,0.130379415,0.545010482,0.414342293,0.732900004,0.286316355,0.117556767,0,0.862001443
30,0,0,2,0.270749147,0.413474754,0.672758829,0.150087364,0.749515715,0.185203781,0,0.226609287
32,0,0,2,0.008600556,0.501058067,0.766067994,0.136451047,0.566176031,0.007129324,0,0.347406532
31,0,0,1,0.17977032,0.622338122,0.670915808,0.435554933,0.733662343,0.185087952,0,0.207435121
37,0,0,0,0.178857612,0.442656748,0.813123147,0.478973213,0.444758379,0.130980991,0,0.21852919
36,0,0,0,0.523761148,0.514094967,0.493747396,0.114885304,0.36278135,0.445461715,0,0.190519372
33,0,0,3,0.724684327,0.353718717,0.526645695,0.496057127,0.534329921,0.42407304,0,0.369475209
45,0,0,1,0.199920845,0.387110031,0.405410115,0.025959138,0.037875153,0.128034278,0,0.251709998
40,0,1,0,0.582600171,0.427288785,0.368490671,0.392408974,0.307373117,0.411837468,0,0.300479507
27,0,0,2,0.422260886,0.529570719,0.292128242,0.273104098,0.364483224,0.369946202,0,0.615284847
36,0,0,1,0.374819649,0.241849937,0.030746499,0.349069264,0.2328117,0.149969202,0,0.509554362
37,0,1,1,0.03797333,0.753163844,0.133735554,0.119686925,0.469356693,0.047315334,0,0.13237443
37,1,0,0,0.652430103,0.489218488,0.214723911,0.502896514,0.137209677,0.528044599,0,0.507018919
41,1,0,0,0.23056151,0.520440122,0.402221617,0.281036367,0.256801224,0.198514087,0,0.091394643
41,0,0,0,0.29133399,0.3145863,0.469819442,0.330663363,0.137721474,0.151622871,0,0.115303329
34,0,1,1,0.620446114,0.560683624,0.220904784,0.597854061,0.629424053,0.575513737,0,0.401063602
35,1,0,2,0.261538494,0.466820957,0.138060593,0.924918744,0.69575512,0.201985278,1,0.818431487
46,0,0,2,0.314666863,0.627938348,0.104413431,0.103481976,0.7720774,0.326890102,0,0.418530051
38,0,0,0,0.197923563,0.36171146,0.016674509,0.055187267,0.136670431,0.11843867,0,0.142415953
31,0,0,3,0.149184014,0.601189365,0.83823732,0.754820717,0.532864056,0.148377254,1,0.796240815
36,0,0,0,0.067630469,0.709490127,0.318690999,0.579726042,0.938389801,0.079382086,0,0.580005313
41,0,0,0,0.207276294,0.499719903,0.279142811,0.798407367,0.466611951,0.17136023,0,0.310340145
33,0,0,0,0.787244605,0.190105681,0.379348239,0.116423528,0.748297067,0.247593102,0,0.002600127
34,0,0,0,0.463181614,0.690940528,0.519690653,0.444332514,0.784821278,0.529450951,0,0.250926816
40,1,1,0,0.253464274,0.213962334,0.367851897,0.023766766,0.128123276,0.089719704,0,0.672361223
41,0,0,1,0.141084111,0.533424002,0.373980862,0.54683156,0.214308192,0.124504318,0,0.775588747
35,0,0,1,0.167493468,0.546224829,0.423530552,0.336328904,0.414935526,0.151357193,0,0.597216423
34,1,0,0,0.111555782,0.718661529,0.603500131,0.141806031,0.304381242,0.132632586,0,0.308604621
39,0,1,1,0.21107131,0.324140585,0.42119122,0.354605973,0.550311979,0.113186953,0,0.244586207
34,0,0,0,0.322117514,0.497736833,0.396395649,0.78083616,0.965607952,0.265245408,1,0.679266828
38,0,0,0,0.099535689,0.559588414,0.234152144,0.053545587,0.760489394,0.09214702,0,0.10701691
34,0,0,0,0.276690894,0.409199631,0.213495614,0.11511615,0.670930424,0.187311247,0,0.545740942
36,0,1,0,0.267246195,0.362219237,0.653330499,0.253417561,0.577564234,0.160146258,0,0.811691589
35,1,0,0,0.317973135,0.498083654,0.612623515,0.252404053,0.464236623,0.262015191,0,0.181187713
30,1,1,0,0.544497826,0.349577855,0.415633101,0.067240438,0.932835286,0.314900839,0,0.078174593
46,0,0,1,0.484001709,0.566789359,0.354132006,0.139060497,0.453498996,0.453839547,0,0.458671741
39,0,0,0,0.117848894,0.403368574,0.425492504,0.496272331,0.850992311,0.078643227,0,0.453955874
36,0,0,0,0.624841718,0.454764982,0.346831843,0.199276005,0.273285052,0.47010058,0,0.090915643
32,0,0,1,0.304753682,0.453967585,0.899245439,0.033898804,0.750124104,0.228879849,0,0.116141067
40,0,1,0,0.017114008,0.243584104,0.332072984,0.234163183,0.909144278,0.00689659,0,0.17133898
36,0,0,1,0.377876067,0.669707906,0.255893992,0.35610455,0.376366759,0.418666842,0,0.308548151
32,0,0,2,0.025025643,0.64322793,0.289483552,0.413260053,0.181946141,0.026630781,0,0.270347963
31,0,0,2,0.090611671,0.269767099,0.321449867,0.011793448,0.608817324,0.040439602,0,0.57172396
32,0,0,0,0.067686779,0.473067127,0.765542274,0.537447385,0.373098533,0.052973708,0,0.319678993
37,0,0,0,0.497469803,0.751383498,0.058829931,0.324895491,0.611811399,0.618389533,0,0.21634026
30,0,0,1,0.255377025,0.383288188,0.067244806,0.123677413,0.379366712,0.161935107,0,0.12428758
39,0,0,1,0.529946511,0.473725445,0.59381685,0.804126116,0.90521022,0.415329237,1,0.650988293
38,0,0,2,0.309569496,0.260652892,0.674737189,0.396016177,0.57251836,0.133491761,0,0.63439861
36,0,1,1,0.101851872,0.35300693,0.044867252,0.197531291,0.402414022,0.05948206,0,0.440714029
38,1,0,2,0.013955362,0.449542745,0.648421022,0.47432044,0.848266693,0.010378769,0,0.080779422
43,0,0,0,0.016619665,0.359336308,0.655465558,0.036638787,0.29366407,0.009880004,0,0.376906192
32,0,0,0,0.222128038,0.425302835,0.115554254,0.046361709,0.711184277,0.156291519,0,0.316180219
32,0,0,0,0.369364661,0.590145446,0.37814439,0.680370266,0.872628332,0.360618628,0,0.413098688
34,0,0,0,0.097295564,0.483050389,0.397347739,0.427820544,0.282351516,0.077753372,0,0.253118976
38,0,0,3,0.515942764,0.564523786,0.395191702,0.235674752,0.069166901,0.481856281,0,0.323345208
32,1,1,1,0.368781059,0.534292863,0.463727636,0.890085951,0.982882508,0.325973079,1,0.561208758
32,0,1,2,0.523964568,0.377167204,0.335920643,0.331727212,0.591277553,0.326941157,0,0.073812349
38,0,0,0,0.077973573,0.397557514,0.671700067,0.334308809,0.770143945,0.051283913,0,0.149336169
47,0,0,0,0.044576654,0.465951962,0.45747267,0.339428263,0.402828691,0.034362311,0,0.185788301
42,0,0,1,0.069288367,0.399894868,0.469920796,0.746376211,0.200998249,0.045839504,0,0.538637881
37,0,1,2,0.377358425,0.624037086,0.392127234,0.242604893,0.250582535,0.389581391,0,0.395723315
29,0,0,0,0.334928708,0.584004139,0.209631347,0.389938983,0.695444597,0.323595186,1,0.610388019
32,0,0,0,0.290250673,0.521612125,0.177777214,0.296896631,0.302052354,0.250469396,0,0.035804955
37,0,0,0,0.34264775,0.41595104,0.247112115,0.689101285,0.017835558,0.23578917,0,0.18904731
44,0,0,3,0.193046237,0.607694805,0.227814088,0.425613824,0.864039909,0.194079926,0,0.178849224
37,0,1,2,0.585061093,0.403601012,0.067408117,0.338435437,0.233960217,0.390649452,0,0.490218693
35,0,1,0,0.45292834,0.257462141,0.104571757,0.808730116,0.666679678,0.192919722,1,0.946343664
36,0,0,2,0.554518564,0.470187846,0.677731752,0.047846761,0.817435979,0.431341498,0,0.495516324
37,0,0,0,0.043344963,0.588845008,0.851265156,0.576351847,0.312245105,0.042225363,0,0.519995837
38,0,0,0,0.363533407,0.41242162,0.146563056,0.73495686,0.318472396,0.248038733,0,0.145545474
40,0,0,1,0.198594917,0.73070618,0.164448836,0.478641715,0.029881653,0.240073742,0,0.47497949
39,1,0,2,0.417596226,0.638074692,0.428807746,0.152988761,0.951919222,0.440820557,0,0.140056268
42,0,1,1,0.504670305,0.867673666,0.619117549,0.460695958,0.312984997,0.724432494,0,0.071144914
35,0,0,0,0.417153725,0.491190329,0.641078732,0.112538253,0.831635328,0.33898438,0,0.668030152
29,0,1,2,0.465697044,0.545185128,0.462719881,0.582077199,0.811345228,0.420030895,0,0.219118904
38,0,0,0,0.27790672,0.626204442,0.176595844,0.34947576,0.444820241,0.287904827,0,0.461482669
44,0,0,2,0.327676594,0.531409749,0.443788002,0.278186937,0.669028213,0.28807707,0,0.46497607
27,0,0,2,0.489446128,0.382751953,0.306887648,0.315312053,0.990095672,0.309924612,0,0.244781397
44,0,0,2,0.121346315,0.536584093,0.088662242,0.045544441,0.211225388,0.107720446,0,0.282200446
40,1,0,0,0.297902579,0.409771703,0.023184011,0.200238923,0.543656704,0.201952848,0,0.275153293
37,0,0,0,0.645716454,0.838003996,0.330505112,0.051656572,0.543797615,0.895203345,0,0.03539928
36,0,0,3,0.355256463,0.293366779,0.473512958,0.010203362,0.13080862,0.172419616,0,0.568956755
38,0,0,2,0.2921226,0.56257387,0.772232485,0.247713549,0.549478698,0.271880755,0,0.232410246
34,0,0,0,0.37290861,0.522728561,0.166441141,0.423485371,0.606704303,0.322487136,0,0.474492885
34,0,1,0,0.098427454,0.345773431,0.612613175,0.525433456,0.410910606,0.056304308,0,0.35281127
42,0,0,0,0.31720524,0.440392943,0.822400553,0.306213982,0.985547673,0.231107722,0,0.430657601
33,0,0,0,0.505984707,0.611336775,0.780185893,0.149586732,0.362397985,0.511742713,0,0.032490956
28,0,0,1,0.323253721,0.351392117,0.342450011,0.588434474,0.059585988,0.187918398,0,0.246678147
42,0,0,0,0.251167497,0.41602098,0.753357839,0.383925815,0.711420108,0.172867131,0,0.327503341
39,0,0,0,0.200725522,0.559953408,0.200744879,0.601622878,0.142378727,0.1859466,0,0.242988638
32,0,0,1,0.233516187,0.481229324,0.255556485,0.037145456,0.774573613,0.185910033,0,0.545355155
